{
  "statusEffects": [
    {
      "word": "Speed",
      "standardized": "Speed",
      "chinese": "迅捷",
      "phonetic": "/spiːd/",
      "phrase": "speed potion",
      "phraseTranslation": "迅捷药水",
      "difficulty": "basic",
      "category": "positive_effect",
      "effectType": "movement",
      "imageURLs": [
        {
          "filename": "Speed.png",
          "url": "https://minecraft.wiki/images/4/4e/Speed_JE2_BE2.png",
          "type": "Effect Icon"
        }
      ]
    },
    {
      "word": "Slowness",
      "standardized": "Slowness",
      "chinese": "缓慢",
      "phonetic": "/ˈsloʊnəs/",
      "phrase": "slowness effect",
      "phraseTranslation": "缓慢效果",
      "difficulty": "basic",
      "category": "negative_effect",
      "effectType": "movement",
      "imageURLs": [
        {
          "filename": "Slowness.png",
          "url": "https://minecraft.wiki/images/6/60/Slowness_JE3_BE3.png",
          "type": "Effect Icon"
        }
      ]
    },
    {
      "word": "Haste",
      "standardized": "Haste",
      "chinese": "急迫",
      "phonetic": "/heɪst/",
      "phrase": "haste beacon",
      "phraseTranslation": "急迫信标",
      "difficulty": "intermediate",
      "category": "positive_effect",
      "effectType": "mining",
      "imageURLs": [
        {
          "filename": "Haste.png",
          "url": "https://minecraft.wiki/images/c/c7/Haste_JE2_BE2.png",
          "type": "Effect Icon"
        }
      ]
    },
    {
      "word": "Mining Fatigue",
      "standardized": "Mining Fatigue",
      "chinese": "挖掘疲劳",
      "phonetic": "/ˈmaɪnɪŋ fəˈtiːɡ/",
      "phrase": "mining fatigue effect",
      "phraseTranslation": "挖掘疲劳效果",
      "difficulty": "intermediate",
      "category": "negative_effect",
      "effectType": "mining",
      "imageURLs": [
        {
          "filename": "Mining_Fatigue.png",
          "url": "https://minecraft.wiki/images/4/4e/Mining_Fatigue_JE2_BE2.png",
          "type": "Effect Icon"
        }
      ]
    },
    {
      "word": "Strength",
      "standardized": "Strength",
      "chinese": "力量",
      "phonetic": "/streŋθ/",
      "phrase": "strength potion",
      "phraseTranslation": "力量药水",
      "difficulty": "basic",
      "category": "positive_effect",
      "effectType": "combat",
      "imageURLs": [
        {
          "filename": "Strength.png",
          "url": "https://minecraft.wiki/images/4/4c/Strength_JE3_BE3.png",
          "type": "Effect Icon"
        }
      ]
    },
    {
      "word": "Instant Health",
      "standardized": "Instant Health",
      "chinese": "瞬间治疗",
      "phonetic": "/ˈɪnstənt helθ/",
      "phrase": "instant health potion",
      "phraseTranslation": "瞬间治疗药水",
      "difficulty": "intermediate",
      "category": "positive_effect",
      "effectType": "healing",
      "imageURLs": [
        {
          "filename": "Instant_Health.png",
          "url": "https://minecraft.wiki/images/6/6e/Instant_Health_JE2_BE2.png",
          "type": "Effect Icon"
        }
      ]
    },
    {
      "word": "Instant Damage",
      "standardized": "Instant Damage",
      "chinese": "瞬间伤害",
      "phonetic": "/ˈɪnstənt ˈdæmɪdʒ/",
      "phrase": "instant damage potion",
      "phraseTranslation": "瞬间伤害药水",
      "difficulty": "intermediate",
      "category": "negative_effect",
      "effectType": "damage",
      "imageURLs": [
        {
          "filename": "Instant_Damage.png",
          "url": "https://minecraft.wiki/images/1/15/Instant_Damage_JE2_BE2.png",
          "type": "Effect Icon"
        }
      ]
    },
    {
      "word": "Jump Boost",
      "standardized": "Jump Boost",
      "chinese": "跳跃提升",
      "phonetic": "/dʒʌmp buːst/",
      "phrase": "jump boost effect",
      "phraseTranslation": "跳跃提升效果",
      "difficulty": "intermediate",
      "category": "positive_effect",
      "effectType": "movement",
      "imageURLs": [
        {
          "filename": "Jump_Boost.png",
          "url": "https://minecraft.wiki/images/9/98/Jump_Boost_JE2_BE2.png",
          "type": "Effect Icon"
        }
      ]
    },
    {
      "word": "Nausea",
      "standardized": "Nausea",
      "chinese": "反胃",
      "phonetic": "/ˈnɔːziə/",
      "phrase": "nausea effect",
      "phraseTranslation": "反胃效果",
      "difficulty": "advanced",
      "category": "negative_effect",
      "effectType": "visual",
      "imageURLs": [
        {
          "filename": "Nausea.png",
          "url": "https://minecraft.wiki/images/2/2e/Nausea_JE2_BE2.png",
          "type": "Effect Icon"
        }
      ]
    },
    {
      "word": "Regeneration",
      "standardized": "Regeneration",
      "chinese": "生命恢复",
      "phonetic": "/rɪˌdʒenəˈreɪʃən/",
      "phrase": "regeneration potion",
      "phraseTranslation": "生命恢复药水",
      "difficulty": "intermediate",
      "category": "positive_effect",
      "effectType": "healing",
      "imageURLs": [
        {
          "filename": "Regeneration.png",
          "url": "https://minecraft.wiki/images/1/1a/Regeneration_JE2_BE2.png",
          "type": "Effect Icon"
        }
      ]
    },
    {
      "word": "Resistance",
      "standardized": "Resistance",
      "chinese": "抗性提升",
      "phonetic": "/rɪˈzɪstəns/",
      "phrase": "resistance effect",
      "phraseTranslation": "抗性提升效果",
      "difficulty": "intermediate",
      "category": "positive_effect",
      "effectType": "defense",
      "imageURLs": [
        {
          "filename": "Resistance.png",
          "url": "https://minecraft.wiki/images/6/6c/Resistance_JE2_BE2.png",
          "type": "Effect Icon"
        }
      ]
    },
    {
      "word": "Fire Resistance",
      "standardized": "Fire Resistance",
      "chinese": "抗火",
      "phonetic": "/ˈfaɪər rɪˈzɪstəns/",
      "phrase": "fire resistance potion",
      "phraseTranslation": "抗火药水",
      "difficulty": "intermediate",
      "category": "positive_effect",
      "effectType": "defense",
      "imageURLs": [
        {
          "filename": "Fire_Resistance.png",
          "url": "https://minecraft.wiki/images/9/9a/Fire_Resistance_JE3_BE3.png",
          "type": "Effect Icon"
        }
      ]
    },
    {
      "word": "Water Breathing",
      "standardized": "Water Breathing",
      "chinese": "水下呼吸",
      "phonetic": "/ˈwɔːtər ˈbriːðɪŋ/",
      "phrase": "water breathing potion",
      "phraseTranslation": "水下呼吸药水",
      "difficulty": "intermediate",
      "category": "positive_effect",
      "effectType": "environmental",
      "imageURLs": [
        {
          "filename": "Water_Breathing.png",
          "url": "https://minecraft.wiki/images/5/52/Water_Breathing_JE2_BE2.png",
          "type": "Effect Icon"
        }
      ]
    },
    {
      "word": "Invisibility",
      "standardized": "Invisibility",
      "chinese": "隐身",
      "phonetic": "/ɪnˌvɪzəˈbɪləti/",
      "phrase": "invisibility potion",
      "phraseTranslation": "隐身药水",
      "difficulty": "advanced",
      "category": "positive_effect",
      "effectType": "stealth",
      "imageURLs": [
        {
          "filename": "Invisibility.png",
          "url": "https://minecraft.wiki/images/6/6b/Invisibility_JE2_BE2.png",
          "type": "Effect Icon"
        }
      ]
    },
    {
      "word": "Blindness",
      "standardized": "Blindness",
      "chinese": "失明",
      "phonetic": "/ˈblaɪndnəs/",
      "phrase": "blindness effect",
      "phraseTranslation": "失明效果",
      "difficulty": "advanced",
      "category": "negative_effect",
      "effectType": "visual",
      "imageURLs": [
        {
          "filename": "Blindness.png",
          "url": "https://minecraft.wiki/images/2/2c/Blindness_JE2_BE2.png",
          "type": "Effect Icon"
        }
      ]
    },
    {
      "word": "Night Vision",
      "standardized": "Night Vision",
      "chinese": "夜视",
      "phonetic": "/naɪt ˈvɪʒən/",
      "phrase": "night vision potion",
      "phraseTranslation": "夜视药水",
      "difficulty": "intermediate",
      "category": "positive_effect",
      "effectType": "visual",
      "imageURLs": [
        {
          "filename": "Night_Vision.png",
          "url": "https://minecraft.wiki/images/4/4e/Night_Vision_JE2_BE2.png",
          "type": "Effect Icon"
        }
      ]
    },
    {
      "word": "Hunger",
      "standardized": "Hunger",
      "chinese": "饥饿",
      "phonetic": "/ˈhʌŋɡər/",
      "phrase": "hunger effect",
      "phraseTranslation": "饥饿效果",
      "difficulty": "basic",
      "category": "negative_effect",
      "effectType": "survival",
      "imageURLs": [
        {
          "filename": "Hunger.png",
          "url": "https://minecraft.wiki/images/d/d5/Hunger_JE2_BE2.png",
          "type": "Effect Icon"
        }
      ]
    },
    {
      "word": "Weakness",
      "standardized": "Weakness",
      "chinese": "虚弱",
      "phonetic": "/ˈwiːknəs/",
      "phrase": "weakness potion",
      "phraseTranslation": "虚弱药水",
      "difficulty": "basic",
      "category": "negative_effect",
      "effectType": "combat",
      "imageURLs": [
        {
          "filename": "Weakness.png",
          "url": "https://minecraft.wiki/images/8/83/Weakness_JE2_BE2.png",
          "type": "Effect Icon"
        }
      ]
    },
    {
      "word": "Poison",
      "standardized": "Poison",
      "chinese": "中毒",
      "phonetic": "/ˈpɔɪzən/",
      "phrase": "poison potion",
      "phraseTranslation": "中毒药水",
      "difficulty": "basic",
      "category": "negative_effect",
      "effectType": "damage",
      "imageURLs": [
        {
          "filename": "Poison.png",
          "url": "https://minecraft.wiki/images/7/76/Poison_JE2_BE2.png",
          "type": "Effect Icon"
        }
      ]
    },
    {
      "word": "Wither",
      "standardized": "Wither",
      "chinese": "凋零",
      "phonetic": "/ˈwɪðər/",
      "phrase": "wither effect",
      "phraseTranslation": "凋零效果",
      "difficulty": "advanced",
      "category": "negative_effect",
      "effectType": "damage",
      "imageURLs": [
        {
          "filename": "Wither.png",
          "url": "https://minecraft.wiki/images/1/13/Wither_JE2_BE2.png",
          "type": "Effect Icon"
        }
      ]
    },
    {
      "word": "Health Boost",
      "standardized": "Health Boost",
      "chinese": "生命提升",
      "phonetic": "/helθ buːst/",
      "phrase": "health boost effect",
      "phraseTranslation": "生命提升效果",
      "difficulty": "intermediate",
      "category": "positive_effect",
      "effectType": "health",
      "imageURLs": [
        {
          "filename": "Health_Boost.png",
          "url": "https://minecraft.wiki/images/b/b8/Health_Boost_JE2_BE2.png",
          "type": "Effect Icon"
        }
      ]
    },
    {
      "word": "Absorption",
      "standardized": "Absorption",
      "chinese": "伤害吸收",
      "phonetic": "/æbˈsɔːrpʃən/",
      "phrase": "absorption hearts",
      "phraseTranslation": "伤害吸收生命值",
      "difficulty": "advanced",
      "category": "positive_effect",
      "effectType": "health",
      "imageURLs": [
        {
          "filename": "Absorption.png",
          "url": "https://minecraft.wiki/images/2/28/Absorption_JE2_BE2.png",
          "type": "Effect Icon"
        }
      ]
    },
    {
      "word": "Saturation",
      "standardized": "Saturation",
      "chinese": "饱和",
      "phonetic": "/ˌsætʃəˈreɪʃən/",
      "phrase": "saturation effect",
      "phraseTranslation": "饱和效果",
      "difficulty": "advanced",
      "category": "positive_effect",
      "effectType": "survival",
      "imageURLs": [
        {
          "filename": "Saturation.png",
          "url": "https://minecraft.wiki/images/c/c7/Saturation_JE2_BE2.png",
          "type": "Effect Icon"
        }
      ]
    },
    {
      "word": "Glowing",
      "standardized": "Glowing",
      "chinese": "发光",
      "phonetic": "/ˈɡloʊɪŋ/",
      "phrase": "glowing outline",
      "phraseTranslation": "发光轮廓",
      "difficulty": "intermediate",
      "category": "negative_effect",
      "effectType": "visual",
      "imageURLs": [
        {
          "filename": "Glowing.png",
          "url": "https://minecraft.wiki/images/1/10/Glowing_JE1_BE1.png",
          "type": "Effect Icon"
        }
      ]
    },
    {
      "word": "Levitation",
      "standardized": "Levitation",
      "chinese": "飘浮",
      "phonetic": "/ˌlevəˈteɪʃən/",
      "phrase": "levitation effect",
      "phraseTranslation": "飘浮效果",
      "difficulty": "advanced",
      "category": "negative_effect",
      "effectType": "movement",
      "imageURLs": [
        {
          "filename": "Levitation.png",
          "url": "https://minecraft.wiki/images/1/12/Levitation_JE1_BE1.png",
          "type": "Effect Icon"
        }
      ]
    },
    {
      "word": "Luck",
      "standardized": "Luck",
      "chinese": "幸运",
      "phonetic": "/lʌk/",
      "phrase": "luck effect",
      "phraseTranslation": "幸运效果",
      "difficulty": "advanced",
      "category": "positive_effect",
      "effectType": "utility",
      "imageURLs": [
        {
          "filename": "Luck.png",
          "url": "https://minecraft.wiki/images/b/b1/Luck_JE1_BE1.png",
          "type": "Effect Icon"
        }
      ]
    },
    {
      "word": "Bad Luck",
      "standardized": "Bad Luck",
      "chinese": "霉运",
      "phonetic": "/bæd lʌk/",
      "phrase": "bad luck effect",
      "phraseTranslation": "霉运效果",
      "difficulty": "advanced",
      "category": "negative_effect",
      "effectType": "utility",
      "imageURLs": [
        {
          "filename": "Bad_Luck.png",
          "url": "https://minecraft.wiki/images/b/b8/Bad_Luck_JE1_BE1.png",
          "type": "Effect Icon"
        }
      ]
    },
    {
      "word": "Slow Falling",
      "standardized": "Slow Falling",
      "chinese": "缓降",
      "phonetic": "/sloʊ ˈfɔːlɪŋ/",
      "phrase": "slow falling potion",
      "phraseTranslation": "缓降药水",
      "difficulty": "intermediate",
      "category": "positive_effect",
      "effectType": "movement",
      "imageURLs": [
        {
          "filename": "Slow_Falling.png",
          "url": "https://minecraft.wiki/images/f/f0/Slow_Falling_JE1_BE1.png",
          "type": "Effect Icon"
        }
      ]
    },
    {
      "word": "Conduit Power",
      "standardized": "Conduit Power",
      "chinese": "潮涌能量",
      "phonetic": "/ˈkɑːnduɪt ˈpaʊər/",
      "phrase": "conduit power effect",
      "phraseTranslation": "潮涌能量效果",
      "difficulty": "advanced",
      "category": "positive_effect",
      "effectType": "environmental",
      "imageURLs": [
        {
          "filename": "Conduit_Power.png",
          "url": "https://minecraft.wiki/images/1/1c/Conduit_Power_JE1_BE1.png",
          "type": "Effect Icon"
        }
      ]
    },
    {
      "word": "Dolphin's Grace",
      "standardized": "Dolphin's Grace",
      "chinese": "海豚的恩惠",
      "phonetic": "/ˈdɑːlfɪnz ɡreɪs/",
      "phrase": "dolphin's grace effect",
      "phraseTranslation": "海豚的恩惠效果",
      "difficulty": "advanced",
      "category": "positive_effect",
      "effectType": "movement",
      "imageURLs": [
        {
          "filename": "Dolphins_Grace.png",
          "url": "https://minecraft.wiki/images/9/9e/Dolphin%27s_Grace_JE1_BE1.png",
          "type": "Effect Icon"
        }
      ]
    },
    {
      "word": "Bad Omen",
      "standardized": "Bad Omen",
      "chinese": "不祥之兆",
      "phonetic": "/bæd ˈoʊmən/",
      "phrase": "bad omen effect",
      "phraseTranslation": "不祥之兆效果",
      "difficulty": "advanced",
      "category": "negative_effect",
      "effectType": "special",
      "imageURLs": [
        {
          "filename": "Bad_Omen.png",
          "url": "https://minecraft.wiki/images/b/bc/Bad_Omen_JE2_BE2.png",
          "type": "Effect Icon"
        }
      ]
    },
    {
      "word": "Hero of the Village",
      "standardized": "Hero of the Village",
      "chinese": "村庄英雄",
      "phonetic": "/ˈhɪroʊ əv ðə ˈvɪlɪdʒ/",
      "phrase": "hero of the village effect",
      "phraseTranslation": "村庄英雄效果",
      "difficulty": "advanced",
      "category": "positive_effect",
      "effectType": "special",
      "imageURLs": [
        {
          "filename": "Hero_of_the_Village.png",
          "url": "https://minecraft.wiki/images/5/5e/Hero_of_the_Village_JE2_BE2.png",
          "type": "Effect Icon"
        }
      ]
    },
    {
      "word": "Darkness",
      "standardized": "Darkness",
      "chinese": "黑暗",
      "phonetic": "/ˈdɑːrknəs/",
      "phrase": "darkness effect",
      "phraseTranslation": "黑暗效果",
      "difficulty": "advanced",
      "category": "negative_effect",
      "effectType": "visual",
      "imageURLs": [
        {
          "filename": "Darkness.png",
          "url": "https://minecraft.wiki/images/1/1e/Darkness_JE1_BE1.png",
          "type": "Effect Icon"
        }
      ]
    },
    {
      "word": "Fatal Poison",
      "standardized": "Fatal Poison",
      "chinese": "中毒（致命）",
      "phonetic": "/ˈfeɪtəl ˈpɔɪzən/",
      "phrase": "fatal poison effect",
      "phraseTranslation": "致命中毒效果",
      "difficulty": "advanced",
      "category": "negative_effect",
      "effectType": "damage",
      "imageURLs": [
        {
          "filename": "Fatal_Poison.png",
          "url": "https://minecraft.wiki/images/7/76/Poison_JE2_BE2.png",
          "type": "Effect Icon"
        }
      ]
    }
  ],
  "potionTypes": [
    {
      "word": "Potion",
      "standardized": "Potion",
      "chinese": "药水",
      "phonetic": "/ˈpoʊʃən/",
      "phrase": "brewing potion",
      "phraseTranslation": "酿造药水",
      "difficulty": "basic",
      "category": "item_type",
      "effectType": "utility",
      "imageURLs": [
        {
          "filename": "Potion.png",
          "url": "https://minecraft.wiki/images/f/fc/Potion_JE2_BE2.png",
          "type": "Item Icon"
        }
      ]
    },
    {
      "word": "Splash Potion",
      "standardized": "Splash Potion",
      "chinese": "喷溅药水",
      "phonetic": "/splæʃ ˈpoʊʃən/",
      "phrase": "splash potion brewing",
      "phraseTranslation": "酿造喷溅药水",
      "difficulty": "intermediate",
      "category": "item_type",
      "effectType": "utility",
      "imageURLs": [
        {
          "filename": "Splash_Potion.png",
          "url": "https://minecraft.wiki/images/d/d3/Splash_Potion_JE2_BE2.png",
          "type": "Item Icon"
        }
      ]
    },
    {
      "word": "Lingering Potion",
      "standardized": "Lingering Potion",
      "chinese": "滞留药水",
      "phonetic": "/ˈlɪŋɡərɪŋ ˈpoʊʃən/",
      "phrase": "lingering potion cloud",
      "phraseTranslation": "滞留药水云雾",
      "difficulty": "advanced",
      "category": "item_type",
      "effectType": "utility",
      "imageURLs": [
        {
          "filename": "Lingering_Potion.png",
          "url": "https://minecraft.wiki/images/7/75/Lingering_Potion_JE2_BE2.png",
          "type": "Item Icon"
        }
      ]
    },
    {
      "word": "Tipped Arrow",
      "standardized": "Tipped Arrow",
      "chinese": "药箭",
      "phonetic": "/tɪpt ˈæroʊ/",
      "phrase": "tipped arrow crafting",
      "phraseTranslation": "制作药箭",
      "difficulty": "advanced",
      "category": "item_type",
      "effectType": "utility",
      "imageURLs": [
        {
          "filename": "Tipped_Arrow.png",
          "url": "https://minecraft.wiki/images/6/65/Tipped_Arrow_JE1_BE1.png",
          "type": "Item Icon"
        }
      ]
    }
  ],
  "brewingIngredients": [
    {
      "word": "Awkward Potion",
      "standardized": "Awkward Potion",
      "chinese": "粗制的药水",
      "phonetic": "/ˈɔːkwərd ˈpoʊʃən/",
      "phrase": "awkward potion base",
      "phraseTranslation": "粗制药水基底",
      "difficulty": "intermediate",
      "category": "brewing_base",
      "effectType": "utility",
      "imageURLs": [
        {
          "filename": "Thick_Potion.png",
          "url": "https://minecraft.wiki/images/f/fc/Potion_JE2_BE2.png",
          "type": "Item Icon"
        }
      ]
    },
    {
      "word": "Water Bottle",
      "standardized": "Water Bottle",
      "chinese": "水瓶",
      "phonetic": "/ˈwɔːtər ˈbɑːtəl/",
      "phrase": "water bottle brewing",
      "phraseTranslation": "用水瓶酿造",
      "difficulty": "basic",
      "category": "brewing_base",
      "effectType": "utility",
      "imageURLs": [
        {
          "filename": "Water_Bottle.png",
          "url": "https://minecraft.wiki/images/7/75/Water_Bottle_JE2_BE2.png",
          "type": "Item Icon"
        }
      ]
    },
    {
      "word": "Nether Wart",
      "standardized": "Nether Wart",
      "chinese": "下界疣",
      "phonetic": "/ˈneðər wɔːrt/",
      "phrase": "nether wart brewing",
      "phraseTranslation": "下界疣酿造",
      "difficulty": "intermediate",
      "category": "brewing_ingredient",
      "effectType": "utility",
      "imageURLs": [
        {
          "filename": "Nether_Wart.png",
          "url": "https://minecraft.wiki/images/1/1c/Nether_Wart_JE2_BE2.png",
          "type": "Item Icon"
        }
      ]
    },
    {
      "word": "Blaze Powder",
      "standardized": "Blaze Powder",
      "chinese": "烈焰粉",
      "phonetic": "/bleɪz ˈpaʊdər/",
      "phrase": "blaze powder fuel",
      "phraseTranslation": "烈焰粉燃料",
      "difficulty": "intermediate",
      "category": "brewing_ingredient",
      "effectType": "utility",
      "imageURLs": [
        {
          "filename": "Blaze_Powder.png",
          "url": "https://minecraft.wiki/images/9/9c/Blaze_Powder_JE1_BE1.png",
          "type": "Item Icon"
        }
      ]
    },
    {
      "word": "Sugar",
      "standardized": "Sugar",
      "chinese": "糖",
      "phonetic": "/ˈʃʊɡər/",
      "phrase": "sugar speed potion",
      "phraseTranslation": "糖制迅捷药水",
      "difficulty": "basic",
      "category": "brewing_ingredient",
      "effectType": "utility",
      "imageURLs": [
        {
          "filename": "Sugar.png",
          "url": "https://minecraft.wiki/images/4/49/Sugar_JE2_BE2.png",
          "type": "Item Icon"
        }
      ]
    },
    {
      "word": "Redstone Dust",
      "standardized": "Redstone Dust",
      "chinese": "红石粉",
      "phonetic": "/ˈredˌstoʊn dʌst/",
      "phrase": "redstone extend duration",
      "phraseTranslation": "红石延长持续时间",
      "difficulty": "basic",
      "category": "brewing_modifier",
      "effectType": "utility",
      "imageURLs": [
        {
          "filename": "Redstone_Dust.png",
          "url": "https://minecraft.wiki/images/9/9d/Redstone_Dust_JE2_BE2.png",
          "type": "Item Icon"
        }
      ]
    },
    {
      "word": "Glowstone Dust",
      "standardized": "Glowstone Dust",
      "chinese": "荧石粉",
      "phonetic": "/ˈɡloʊˌstoʊn dʌst/",
      "phrase": "glowstone amplify effect",
      "phraseTranslation": "荧石粉增强效果",
      "difficulty": "intermediate",
      "category": "brewing_modifier",
      "effectType": "utility",
      "imageURLs": [
        {
          "filename": "Glowstone_Dust.png",
          "url": "https://minecraft.wiki/images/f/f0/Glowstone_Dust_JE2_BE2.png",
          "type": "Item Icon"
        }
      ]
    },
    {
      "word": "Gunpowder",
      "standardized": "Gunpowder",
      "chinese": "火药",
      "phonetic": "/ˈɡʌnˌpaʊdər/",
      "phrase": "gunpowder splash potion",
      "phraseTranslation": "火药制喷溅药水",
      "difficulty": "intermediate",
      "category": "brewing_modifier",
      "effectType": "utility",
      "imageURLs": [
        {
          "filename": "Gunpowder.png",
          "url": "https://minecraft.wiki/images/4/43/Gunpowder_JE2_BE1.png",
          "type": "Item Icon"
        }
      ]
    },
    {
      "word": "Dragon's Breath",
      "standardized": "Dragon's Breath",
      "chinese": "龙息",
      "phonetic": "/ˈdræɡənz breθ/",
      "phrase": "dragon's breath lingering potion",
      "phraseTranslation": "龙息制滞留药水",
      "difficulty": "advanced",
      "category": "brewing_modifier",
      "effectType": "utility",
      "imageURLs": [
        {
          "filename": "Dragons_Breath.png",
          "url": "https://minecraft.wiki/images/8/8a/Dragon%27s_Breath_JE1_BE1.png",
          "type": "Item Icon"
        }
      ]
    },
    {
      "word": "Fermented Spider Eye",
      "standardized": "Fermented Spider Eye",
      "chinese": "发酵蛛眼",
      "phonetic": "/fərˈmentəd ˈspaɪdər aɪ/",
      "phrase": "fermented spider eye corruption",
      "phraseTranslation": "发酵蛛眼腐化药水",
      "difficulty": "intermediate",
      "category": "brewing_ingredient",
      "effectType": "utility",
      "imageURLs": [
        {
          "filename": "Fermented_Spider_Eye.png",
          "url": "https://minecraft.wiki/images/8/82/Fermented_Spider_Eye_JE2_BE2.png",
          "type": "Item Icon"
        }
      ]
    },
    {
      "word": "Glistering Melon Slice",
      "standardized": "Glistering Melon Slice",
      "chinese": "闪烁的西瓜片",
      "phonetic": "/ˈɡlɪstərɪŋ ˈmelən slaɪs/",
      "phrase": "glistering melon healing potion",
      "phraseTranslation": "闪烁西瓜片治疗药水",
      "difficulty": "intermediate",
      "category": "brewing_ingredient",
      "effectType": "utility",
      "imageURLs": [
        {
          "filename": "Glistering_Melon_Slice.png",
          "url": "https://minecraft.wiki/images/8/8a/Glistering_Melon_Slice_JE2_BE2.png",
          "type": "Item Icon"
        }
      ]
    },
    {
      "word": "Golden Carrot",
      "standardized": "Golden Carrot",
      "chinese": "金胡萝卜",
      "phonetic": "/ˈɡoʊldən ˈkærət/",
      "phrase": "golden carrot night vision",
      "phraseTranslation": "金胡萝卜夜视药水",
      "difficulty": "intermediate",
      "category": "brewing_ingredient",
      "effectType": "utility",
      "imageURLs": [
        {
          "filename": "Golden_Carrot.png",
          "url": "https://minecraft.wiki/images/1/16/Golden_Carrot_JE2_BE2.png",
          "type": "Item Icon"
        }
      ]
    },
    {
      "word": "Magma Cream",
      "standardized": "Magma Cream",
      "chinese": "岩浆膏",
      "phonetic": "/ˈmæɡmə kriːm/",
      "phrase": "magma cream fire resistance",
      "phraseTranslation": "岩浆膏抗火药水",
      "difficulty": "intermediate",
      "category": "brewing_ingredient",
      "effectType": "utility",
      "imageURLs": [
        {
          "filename": "Magma_Cream.png",
          "url": "https://minecraft.wiki/images/f/f3/Magma_Cream_JE2_BE2.png",
          "type": "Item Icon"
        }
      ]
    },
    {
      "word": "Ghast Tear",
      "standardized": "Ghast Tear",
      "chinese": "恶魂之泪",
      "phonetic": "/ɡæst tɪr/",
      "phrase": "ghast tear regeneration potion",
      "phraseTranslation": "恶魂之泪再生药水",
      "difficulty": "advanced",
      "category": "brewing_ingredient",
      "effectType": "utility",
      "imageURLs": [
        {
          "filename": "Ghast_Tear.png",
          "url": "https://minecraft.wiki/images/1/1a/Ghast_Tear_JE2_BE1.png",
          "type": "Item Icon"
        }
      ]
    },
    {
      "word": "Spider Eye",
      "standardized": "Spider Eye",
      "chinese": "蜘蛛眼",
      "phonetic": "/ˈspaɪdər aɪ/",
      "phrase": "spider eye poison potion",
      "phraseTranslation": "蜘蛛眼中毒药水",
      "difficulty": "basic",
      "category": "brewing_ingredient",
      "effectType": "utility",
      "imageURLs": [
        {
          "filename": "Spider_Eye.png",
          "url": "https://minecraft.wiki/images/1/10/Spider_Eye_JE2_BE2.png",
          "type": "Item Icon"
        }
      ]
    },
    {
      "word": "Rabbit's Foot",
      "standardized": "Rabbit's Foot",
      "chinese": "兔子脚",
      "phonetic": "/ˈræbɪts fʊt/",
      "phrase": "rabbit's foot jump boost",
      "phraseTranslation": "兔子脚跳跃提升",
      "difficulty": "intermediate",
      "category": "brewing_ingredient",
      "effectType": "utility",
      "imageURLs": [
        {
          "filename": "Rabbits_Foot.png",
          "url": "https://minecraft.wiki/images/5/53/Rabbit%27s_Foot_JE2_BE2.png",
          "type": "Item Icon"
        }
      ]
    },
    {
      "word": "Pufferfish",
      "standardized": "Pufferfish",
      "chinese": "河豚",
      "phonetic": "/ˈpʌfərˌfɪʃ/",
      "phrase": "pufferfish water breathing",
      "phraseTranslation": "河豚水下呼吸",
      "difficulty": "intermediate",
      "category": "brewing_ingredient",
      "effectType": "utility",
      "imageURLs": [
        {
          "filename": "Pufferfish.png",
          "url": "https://minecraft.wiki/images/1/15/Pufferfish_JE2_BE1.png",
          "type": "Item Icon"
        }
      ]
    },
    {
      "word": "Phantom Membrane",
      "standardized": "Phantom Membrane",
      "chinese": "幻翼膜",
      "phonetic": "/ˈfæntəm ˈmemˌbreɪn/",
      "phrase": "phantom membrane slow falling",
      "phraseTranslation": "幻翼膜缓降药水",
      "difficulty": "advanced",
      "category": "brewing_ingredient",
      "effectType": "utility",
      "imageURLs": [
        {
          "filename": "Phantom_Membrane.png",
          "url": "https://minecraft.wiki/images/9/9c/Phantom_Membrane_JE1_BE1.png",
          "type": "Item Icon"
        }
      ]
    }
  ],
  "effectTerms": [
    {
      "word": "Effect",
      "standardized": "Effect",
      "chinese": "效果",
      "phonetic": "/ɪˈfekt/",
      "phrase": "status effect duration",
      "phraseTranslation": "状态效果持续时间",
      "difficulty": "basic",
      "category": "game_mechanic",
      "effectType": "general",
      "imageURLs": []
    },
    {
      "word": "Duration",
      "standardized": "Duration",
      "chinese": "持续时间",
      "phonetic": "/duˈreɪʃən/",
      "phrase": "effect duration timer",
      "phraseTranslation": "效果持续时间计时器",
      "difficulty": "basic",
      "category": "game_mechanic",
      "effectType": "general",
      "imageURLs": []
    },
    {
      "word": "Amplifier",
      "standardized": "Amplifier",
      "chinese": "倍率",
      "phonetic": "/ˈæmplɪˌfaɪər/",
      "phrase": "effect amplifier level",
      "phraseTranslation": "效果倍率等级",
      "difficulty": "advanced",
      "category": "game_mechanic",
      "effectType": "general",
      "imageURLs": []
    },
    {
      "word": "Particles",
      "standardized": "Particles",
      "chinese": "粒子",
      "phonetic": "/ˈpɑːrtɪkəlz/",
      "phrase": "effect particles visible",
      "phraseTranslation": "效果粒子可见",
      "difficulty": "intermediate",
      "category": "visual_effect",
      "effectType": "general",
      "imageURLs": []
    },
    {
      "word": "Immunity",
      "standardized": "Immunity",
      "chinese": "免疫",
      "phonetic": "/ɪˈmjuːnəti/",
      "phrase": "mob immunity effect",
      "phraseTranslation": "生物免疫效果",
      "difficulty": "advanced",
      "category": "game_mechanic",
      "effectType": "general",
      "imageURLs": []
    },
    {
      "word": "Ambient",
      "standardized": "Ambient",
      "chinese": "环境",
      "phonetic": "/ˈæmbiənt/",
      "phrase": "ambient effect source",
      "phraseTranslation": "环境效果来源",
      "difficulty": "advanced",
      "category": "game_mechanic",
      "effectType": "general",
      "imageURLs": []
    },
    {
      "word": "Tick",
      "standardized": "Tick",
      "chinese": "游戏刻",
      "phonetic": "/tɪk/",
      "phrase": "effect tick interval",
      "phraseTranslation": "效果刻间隔",
      "difficulty": "advanced",
      "category": "game_mechanic",
      "effectType": "general",
      "imageURLs": []
    },
    {
      "word": "Beacon",
      "standardized": "Beacon",
      "chinese": "信标",
      "phonetic": "/ˈbiːkən/",
      "phrase": "beacon effect range",
      "phraseTranslation": "信标效果范围",
      "difficulty": "intermediate",
      "category": "structure",
      "effectType": "utility",
      "imageURLs": [
        {
          "filename": "Beacon.png",
          "url": "https://minecraft.wiki/images/1/15/Beacon_JE4_BE2.png",
          "type": "Block Icon"
        }
      ]
    },
    {
      "word": "Brewing Stand",
      "standardized": "Brewing Stand",
      "chinese": "酿造台",
      "phonetic": "/ˈbruːɪŋ stænd/",
      "phrase": "brewing stand recipe",
      "phraseTranslation": "酿造台配方",
      "difficulty": "intermediate",
      "category": "utility_block",
      "effectType": "utility",
      "imageURLs": [
        {
          "filename": "Brewing_Stand.png",
          "url": "https://minecraft.wiki/images/b/b3/Brewing_Stand_%28empty%29_JE10.png",
          "type": "Block Icon"
        }
      ]
    },
    {
      "word": "Cauldron",
      "standardized": "Cauldron",
      "chinese": "炼药锅",
      "phonetic": "/ˈkɔːldrən/",
      "phrase": "cauldron water bottle",
      "phraseTranslation": "炼药锅装水瓶",
      "difficulty": "basic",
      "category": "utility_block",
      "effectType": "utility",
      "imageURLs": [
        {
          "filename": "Cauldron.png",
          "url": "https://minecraft.wiki/images/a/a8/Cauldron_%28empty%29_JE2_BE2.png",
          "type": "Block Icon"
        }
      ]
    }
  ],
  "specialEffectItems": [
    {
      "word": "Milk Bucket",
      "standardized": "Milk Bucket",
      "chinese": "奶桶",
      "phonetic": "/mɪlk ˈbʌkɪt/",
      "phrase": "milk bucket clear effects",
      "phraseTranslation": "奶桶清除效果",
      "difficulty": "basic",
      "category": "utility_item",
      "effectType": "utility",
      "imageURLs": [
        {
          "filename": "Milk_Bucket.png",
          "url": "https://minecraft.wiki/images/6/69/Milk_Bucket_JE2_BE2.png",
          "type": "Item Icon"
        }
      ]
    },
    {
      "word": "Honey Bottle",
      "standardized": "Honey Bottle",
      "chinese": "蜂蜜瓶",
      "phonetic": "/ˈhʌni ˈbɑːtəl/",
      "phrase": "honey bottle cure poison",
      "phraseTranslation": "蜂蜜瓶治愈中毒",
      "difficulty": "intermediate",
      "category": "utility_item",
      "effectType": "utility",
      "imageURLs": [
        {
          "filename": "Honey_Bottle.png",
          "url": "https://minecraft.wiki/images/3/3c/Honey_Bottle_JE1_BE1.png",
          "type": "Item Icon"
        }
      ]
    },
    {
      "word": "Totem of Undying",
      "standardized": "Totem of Undying",
      "chinese": "不死图腾",
      "phonetic": "/ˈtoʊtəm əv ʌnˈdaɪɪŋ/",
      "phrase": "totem undying effects",
      "phraseTranslation": "不死图腾效果",
      "difficulty": "advanced",
      "category": "special_item",
      "effectType": "utility",
      "imageURLs": [
        {
          "filename": "Totem_of_Undying.png",
          "url": "https://minecraft.wiki/images/0/08/Totem_of_Undying_JE2_BE2.png",
          "type": "Item Icon"
        }
      ]
    },
    {
      "word": "Golden Apple",
      "standardized": "Golden Apple",
      "chinese": "金苹果",
      "phonetic": "/ˈɡoʊldən ˈæpəl/",
      "phrase": "golden apple absorption",
      "phraseTranslation": "金苹果伤害吸收",
      "difficulty": "intermediate",
      "category": "food_item",
      "effectType": "utility",
      "imageURLs": [
        {
          "filename": "Golden_Apple.png",
          "url": "https://minecraft.wiki/images/7/7d/Golden_Apple_JE2_BE2.png",
          "type": "Item Icon"
        }
      ]
    },
    {
      "word": "Enchanted Golden Apple",
      "standardized": "Enchanted Golden Apple",
      "chinese": "附魔金苹果",
      "phonetic": "/ɪnˈtʃæntəd ˈɡoʊldən ˈæpəl/",
      "phrase": "enchanted golden apple effects",
      "phraseTranslation": "附魔金苹果效果",
      "difficulty": "advanced",
      "category": "food_item",
      "effectType": "utility",
      "imageURLs": [
        {
          "filename": "Enchanted_Golden_Apple.png",
          "url": "https://minecraft.wiki/images/2/2d/Enchanted_Golden_Apple_JE2_BE2.png",
          "type": "Item Icon"
        }
      ]
    },
    {
      "word": "Suspicious Stew",
      "standardized": "Suspicious Stew",
      "chinese": "谜之炖菜",
      "phonetic": "/səˈspɪʃəs stuː/",
      "phrase": "suspicious stew random effect",
      "phraseTranslation": "谜之炖菜随机效果",
      "difficulty": "advanced",
      "category": "food_item",
      "effectType": "utility",
      "imageURLs": [
        {
          "filename": "Suspicious_Stew.png",
          "url": "https://minecraft.wiki/images/1/1c/Suspicious_Stew_JE1_BE1.png",
          "type": "Item Icon"
        }
      ]
    },
    {
      "word": "Rotten Flesh",
      "standardized": "Rotten Flesh",
      "chinese": "腐肉",
      "phonetic": "/ˈrɑːtən fleʃ/",
      "phrase": "rotten flesh hunger effect",
      "phraseTranslation": "腐肉饥饿效果",
      "difficulty": "basic",
      "category": "food_item",
      "effectType": "negative",
      "imageURLs": [
        {
          "filename": "Rotten_Flesh.png",
          "url": "https://minecraft.wiki/images/8/8a/Rotten_Flesh_JE3_BE2.png",
          "type": "Item Icon"
        }
      ]
    },
    {
      "word": "Poisonous Potato",
      "standardized": "Poisonous Potato",
      "chinese": "毒马铃薯",
      "phonetic": "/ˈpɔɪzənəs pəˈteɪtoʊ/",
      "phrase": "poisonous potato poison effect",
      "phraseTranslation": "毒马铃薯中毒效果",
      "difficulty": "intermediate",
      "category": "food_item",
      "effectType": "negative",
      "imageURLs": [
        {
          "filename": "Poisonous_Potato.png",
          "url": "https://minecraft.wiki/images/f/f2/Poisonous_Potato_JE2_BE2.png",
          "type": "Item Icon"
        }
      ]
    }
  ],
  "mobsAndEffects": [
    {
      "word": "Wither Boss",
      "standardized": "Wither",
      "chinese": "凋灵",
      "phonetic": "/ˈwɪðər bɔːs/",
      "phrase": "wither boss effect",
      "phraseTranslation": "凋灵boss效果",
      "difficulty": "advanced",
      "category": "boss_mob",
      "effectType": "combat",
      "imageURLs": [
        {
          "filename": "Wither.png",
          "url": "https://minecraft.wiki/images/4/49/Wither_JE2_BE2.png",
          "type": "Mob Icon"
        }
      ]
    },
    {
      "word": "Elder Guardian",
      "standardized": "Elder Guardian",
      "chinese": "远古守卫者",
      "phonetic": "/ˈeldər ˈɡɑːrdiən/",
      "phrase": "elder guardian mining fatigue",
      "phraseTranslation": "远古守卫者挖掘疲劳",
      "difficulty": "advanced",
      "category": "hostile_mob",
      "effectType": "combat",
      "imageURLs": [
        {
          "filename": "Elder_Guardian.png",
          "url": "https://minecraft.wiki/images/6/6e/Elder_Guardian.png",
          "type": "Mob Icon"
        }
      ]
    },
    {
      "word": "Shulker",
      "standardized": "Shulker",
      "chinese": "潜影贝",
      "phonetic": "/ˈʃʌlkər/",
      "phrase": "shulker levitation attack",
      "phraseTranslation": "潜影贝飘浮攻击",
      "difficulty": "advanced",
      "category": "hostile_mob",
      "effectType": "combat",
      "imageURLs": [
        {
          "filename": "Shulker.png",
          "url": "https://minecraft.wiki/images/b/ba/Shulker.png",
          "type": "Mob Icon"
        }
      ]
    },
    {
      "word": "Phantom",
      "standardized": "Phantom",
      "chinese": "幻翼",
      "phonetic": "/ˈfæntəm/",
      "phrase": "phantom slow falling membrane",
      "phraseTranslation": "幻翼缓降膜",
      "difficulty": "advanced",
      "category": "hostile_mob",
      "effectType": "combat",
      "imageURLs": [
        {
          "filename": "Phantom.png",
          "url": "https://minecraft.wiki/images/c/c5/Phantom.png",
          "type": "Mob Icon"
        }
      ]
    },
    {
      "word": "Pillager",
      "standardized": "Pillager",
      "chinese": "掠夺者",
      "phonetic": "/ˈpɪlɪdʒər/",
      "phrase": "pillager bad omen raid",
      "phraseTranslation": "掠夺者不祥之兆袭击",
      "difficulty": "advanced",
      "category": "hostile_mob",
      "effectType": "special",
      "imageURLs": [
        {
          "filename": "Pillager.png",
          "url": "https://minecraft.wiki/images/4/41/Pillager.png",
          "type": "Mob Icon"
        }
      ]
    },
    {
      "word": "Dolphin",
      "standardized": "Dolphin",
      "chinese": "海豚",
      "phonetic": "/ˈdɑːlfɪn/",
      "phrase": "dolphin grace swimming speed",
      "phraseTranslation": "海豚恩惠游泳速度",
      "difficulty": "intermediate",
      "category": "neutral_mob",
      "effectType": "movement",
      "imageURLs": [
        {
          "filename": "Dolphin.png",
          "url": "https://minecraft.wiki/images/f/f8/Dolphin.png",
          "type": "Mob Icon"
        }
      ]
    },
    {
      "word": "Axolotl",
      "standardized": "Axolotl",
      "chinese": "美西螈",
      "phonetic": "/ˈæksəˌlɑːtəl/",
      "phrase": "axolotl mining fatigue removal",
      "phraseTranslation": "美西螈移除挖掘疲劳",
      "difficulty": "advanced",
      "category": "passive_mob",
      "effectType": "utility",
      "imageURLs": [
        {
          "filename": "Axolotl.png",
          "url": "https://minecraft.wiki/images/f/f4/Axolotl_lucy.png",
          "type": "Mob Icon"
        }
      ]
    },
    {
      "word": "Warden",
      "standardized": "Warden",
      "chinese": "监守者",
      "phonetic": "/ˈwɔːrdən/",
      "phrase": "warden darkness effect",
      "phraseTranslation": "监守者黑暗效果",
      "difficulty": "advanced",
      "category": "hostile_mob",
      "effectType": "combat",
      "imageURLs": [
        {
          "filename": "Warden.png",
          "url": "https://minecraft.wiki/images/4/4b/Warden.png",
          "type": "Mob Icon"
        }
      ]
    }": "utility",
      "imageURLs": [
        {
          "filename": "Awkward_Potion.png",
          "url": "https://minecraft.wiki/images/f/fc/Potion_JE2_BE2.png",
          "type": "Item Icon"
        }
      ]
    },
    {
      "word": "Mundane Potion",
      "standardized": "Mundane Potion",
      "chinese": "平凡的药水",
      "phonetic": "/mʌnˈdeɪn ˈpoʊʃən/",
      "phrase": "mundane potion brewing",
      "phraseTranslation": "酿造平凡药水",
      "difficulty": "intermediate",
      "category": "brewing_base",
      "effectType": "utility",
      "imageURLs": [
        {
          "filename": "Mundane_Potion.png",
          "url": "https://minecraft.wiki/images/f/fc/Potion_JE2_BE2.png",
          "type": "Item Icon"
        }
      ]
    },
    {
      "word": "Thick Potion",
      "standardized": "Thick Potion",
      "chinese": "浓稠的药水",
      "phonetic": "/θɪk ˈpoʊʃən/",
      "phrase": "thick potion brewing",
      "phraseTranslation": "酿造浓稠药水",
      "difficulty": "intermediate",
      "category": "brewing_base",
      "effectType