[
  {
    "word": "Agent",
    "standardized": "Agent",
    "chinese": "智能体",
    "phonetic": "/ˈeɪdʒənt/",
    "phrase": "education edition agent",
    "phraseTranslation": "教育版智能体",
    "difficulty": "advanced",
    "category": "entity",
    "imageURLs": [{"filename": "Agent.png", "url": "https://minecraft.wiki/w/File:Agent.png", "type": "Default"}]
  },
  {
    "word": "Allay",
    "standardized": "Allay",
    "chinese": "悦灵",
    "phonetic": "/əˈleɪ/",
    "phrase": "allay item collection",
    "phraseTranslation": "悦灵物品收集",
    "difficulty": "advanced",
    "category": "entity",
    "imageURLs": [{"filename": "Allay.png", "url": "https://minecraft.wiki/w/File:Allay.png", "type": "Default"}]
  },
  {
    "word": "Area Effect Cloud",
    "standardized": "Area Effect Cloud",
    "chinese": "区域效果云",
    "phonetic": "/ˈɛriə ɪˈfɛkt klaʊd/",
    "phrase": "lingering potion cloud",
    "phraseTranslation": "滞留药水云",
    "difficulty": "advanced",
    "category": "entity",
    "imageURLs": [{"filename": "Area_Effect_Cloud.png", "url": "https://minecraft.wiki/w/File:Area_Effect_Cloud.png", "type": "Default"}]
  },
  {
    "word": "Armor Stand",
    "standardized": "Armor Stand",
    "chinese": "盔甲架",
    "phonetic": "/ˈɑrmər stænd/",
    "phrase": "armor display stand",
    "phraseTranslation": "盔甲展示架",
    "difficulty": "intermediate",
    "category": "entity",
    "imageURLs": [{"filename": "Armor_Stand.png", "url": "https://minecraft.wiki/w/File:Armor_Stand.png", "type": "Default"}]
  },
  {
    "word": "Axolotl",
    "standardized": "Axolotl",
    "chinese": "美西螈",
    "phonetic": "/ˈæksəlɔtəl/",
    "phrase": "axolotl underwater pet",
    "phraseTranslation": "美西螈水下宠物",
    "difficulty": "advanced",
    "category": "entity",
    "imageURLs": [{"filename": "Axolotl.png", "url": "https://minecraft.wiki/w/File:Axolotl.png", "type": "Default"}]
  },
  {
    "word": "Bat",
    "standardized": "Bat",
    "chinese": "蝙蝠",
    "phonetic": "/bæt/",
    "phrase": "cave dwelling bat",
    "phraseTranslation": "洞穴栖息蝙蝠",
    "difficulty": "basic",
    "category": "entity",
    "imageURLs": [{"filename": "Bat.png", "url": "https://minecraft.wiki/w/File:Bat.png", "type": "Default"}]
  },
  {
    "word": "Bee",
    "standardized": "Bee",
    "chinese": "蜜蜂",
    "phonetic": "/bi/",
    "phrase": "honey bee pollination",
    "phraseTranslation": "蜜蜂授粉",
    "difficulty": "basic",
    "category": "entity",
    "imageURLs": [{"filename": "Bee.png", "url": "https://minecraft.wiki/w/File:Bee.png", "type": "Default"}]
  },
  {
    "word": "Blaze",
    "standardized": "Blaze",
    "chinese": "烈焰人",
    "phonetic": "/bleɪz/",
    "phrase": "nether fortress blaze",
    "phraseTranslation": "下界要塞烈焰人",
    "difficulty": "intermediate",
    "category": "entity",
    "imageURLs": [{"filename": "Blaze.png", "url": "https://minecraft.wiki/w/File:Blaze.png", "type": "Default"}]
  },
  {
    "word": "Block Display",
    "standardized": "Block Display",
    "chinese": "方块展示实体",
    "phonetic": "/blɑk dɪˈspleɪ/",
    "phrase": "display entity block",
    "phraseTranslation": "展示实体方块",
    "difficulty": "advanced",
    "category": "entity",
    "imageURLs": [{"filename": "Block_Display.png", "url": "https://minecraft.wiki/w/File:Block_Display.png", "type": "Default"}]
  },
  {
    "word": "Boat",
    "standardized": "Boat",
    "chinese": "船",
    "phonetic": "/boʊt/",
    "phrase": "water transportation boat",
    "phraseTranslation": "水上交通船只",
    "difficulty": "basic",
    "category": "entity",
    "imageURLs": [{"filename": "Oak_Boat.png", "url": "https://minecraft.wiki/w/File:Oak_Boat.png", "type": "Default"}]
  },
  {
    "word": "Camel",
    "standardized": "Camel",
    "chinese": "骆驼",
    "phonetic": "/ˈkæməl/",
    "phrase": "desert camel mount",
    "phraseTranslation": "沙漠骆驼坐骑",
    "difficulty": "advanced",
    "category": "entity",
    "imageURLs": [{"filename": "Camel.png", "url": "https://minecraft.wiki/w/File:Camel.png", "type": "Default"}]
  },
  {
    "word": "Cat",
    "standardized": "Cat",
    "chinese": "猫",
    "phonetic": "/kæt/",
    "phrase": "village cat pet",
    "phraseTranslation": "村庄猫咪宠物",
    "difficulty": "basic",
    "category": "entity",
    "imageURLs": [{"filename": "Cat.png", "url": "https://minecraft.wiki/w/File:Cat.png", "type": "Default"}]
  },
  {
    "word": "Cave Spider",
    "standardized": "Cave Spider",
    "chinese": "洞穴蜘蛛",
    "phonetic": "/keɪv ˈspaɪdər/",
    "phrase": "poisonous cave spider",
    "phraseTranslation": "有毒洞穴蜘蛛",
    "difficulty": "intermediate",
    "category": "entity",
    "imageURLs": [{"filename": "Cave_Spider.png", "url": "https://minecraft.wiki/w/File:Cave_Spider.png", "type": "Default"}]
  },
  {
    "word": "Chicken",
    "standardized": "Chicken",
    "chinese": "鸡",
    "phonetic": "/ˈtʃɪkən/",
    "phrase": "farm chicken egg",
    "phraseTranslation": "农场鸡蛋",
    "difficulty": "basic",
    "category": "entity",
    "imageURLs": [{"filename": "Chicken.png", "url": "https://minecraft.wiki/w/File:Chicken.png", "type": "Default"}]
  },
  {
    "word": "Cod",
    "standardized": "Cod",
    "chinese": "鳕鱼",
    "phonetic": "/kɑd/",
    "phrase": "ocean cod fish",
    "phraseTranslation": "海洋鳕鱼",
    "difficulty": "basic",
    "category": "entity",
    "imageURLs": [{"filename": "Cod.png", "url": "https://minecraft.wiki/w/File:Cod.png", "type": "Default"}]
  },
  {
    "word": "Cow",
    "standardized": "Cow",
    "chinese": "牛",
    "phonetic": "/kaʊ/",
    "phrase": "farm cow milk",
    "phraseTranslation": "农场牛奶",
    "difficulty": "basic",
    "category": "entity",
    "imageURLs": [{"filename": "Cow.png", "url": "https://minecraft.wiki/w/File:Cow.png", "type": "Default"}]
  },
  {
    "word": "Creeper",
    "standardized": "Creeper",
    "chinese": "苦力怕",
    "phonetic": "/ˈkripər/",
    "phrase": "explosive creeper mob",
    "phraseTranslation": "爆炸苦力怕生物",
    "difficulty": "basic",
    "category": "entity",
    "imageURLs": [{"filename": "Creeper.png", "url": "https://minecraft.wiki/w/File:Creeper.png", "type": "Default"}]
  },
  {
    "word": "Dolphin",
    "standardized": "Dolphin",
    "chinese": "海豚",
    "phonetic": "/ˈdɑlfən/",
    "phrase": "ocean dolphin grace",
    "phraseTranslation": "海洋海豚恩惠",
    "difficulty": "intermediate",
    "category": "entity",
    "imageURLs": [{"filename": "Dolphin.png", "url": "https://minecraft.wiki/w/File:Dolphin.png", "type": "Default"}]
  },
  {
    "word": "Donkey",
    "standardized": "Donkey",
    "chinese": "驴",
    "phonetic": "/ˈdɑŋki/",
    "phrase": "pack animal donkey",
    "phraseTranslation": "载货驴子",
    "difficulty": "intermediate",
    "category": "entity",
    "imageURLs": [{"filename": "Donkey.png", "url": "https://minecraft.wiki/w/File:Donkey.png", "type": "Default"}]
  },
  {
    "word": "Dragon Fireball",
    "standardized": "Dragon Fireball",
    "chinese": "末影龙火球",
    "phonetic": "/ˈdræɡən ˈfaɪərˌbɔl/",
    "phrase": "ender dragon attack",
    "phraseTranslation": "末影龙攻击",
    "difficulty": "advanced",
    "category": "entity",
    "imageURLs": [{"filename": "Dragon_Fireball.png", "url": "https://minecraft.wiki/w/File:Dragon_Fireball.png", "type": "Default"}]
  },
  {
    "word": "Drowned",
    "standardized": "Drowned",
    "chinese": "溺尸",
    "phonetic": "/draʊnd/",
    "phrase": "underwater zombie drowned",
    "phraseTranslation": "水下僵尸溺尸",
    "difficulty": "intermediate",
    "category": "entity",
    "imageURLs": [{"filename": "Drowned.png", "url": "https://minecraft.wiki/w/File:Drowned.png", "type": "Default"}]
  },
  {
    "word": "Elder Guardian",
    "standardized": "Elder Guardian",
    "chinese": "远古守卫者",
    "phonetic": "/ˈɛldər ˈɡɑrdiən/",
    "phrase": "ocean monument guardian",
    "phraseTranslation": "海底神殿守卫者",
    "difficulty": "advanced",
    "category": "entity",
    "imageURLs": [{"filename": "Elder_Guardian.png", "url": "https://minecraft.wiki/w/File:Elder_Guardian.png", "type": "Default"}]
  },
  {
    "word": "Ender Crystal",
    "standardized": "Ender Crystal",
    "chinese": "末地水晶",
    "phonetic": "/ˈɛndər ˈkrɪstəl/",
    "phrase": "end crystal healing",
    "phraseTranslation": "末地水晶治疗",
    "difficulty": "advanced",
    "category": "entity",
    "imageURLs": [{"filename": "End_Crystal.png", "url": "https://minecraft.wiki/w/File:End_Crystal.png", "type": "Default"}]
  },
  {
    "word": "Ender Dragon",
    "standardized": "Ender Dragon",
    "chinese": "末影龙",
    "phonetic": "/ˈɛndər ˈdræɡən/",
    "phrase": "final boss ender dragon",
    "phraseTranslation": "最终Boss末影龙",
    "difficulty": "advanced",
    "category": "entity",
    "imageURLs": [{"filename": "Ender_Dragon.png", "url": "https://minecraft.wiki/w/File:Ender_Dragon.png", "type": "Default"}]
  },
  {
    "word": "Ender Dragon Part",
    "standardized": "Ender Dragon Part",
    "chinese": "末影龙部件",
    "phonetic": "/ˈɛndər ˈdræɡən pɑrt/",
    "phrase": "dragon body part",
    "phraseTranslation": "龙身体部件",
    "difficulty": "advanced",
    "category": "entity",
    "imageURLs": [{"filename": "Ender_Dragon_Part.png", "url": "https://minecraft.wiki/w/File:Ender_Dragon_Part.png", "type": "Default"}]
  },
  {
    "word": "Enderman",
    "standardized": "Enderman",
    "chinese": "末影人",
    "phonetic": "/ˈɛndərmæn/",
    "phrase": "teleporting enderman mob",
    "phraseTranslation": "传送末影人生物",
    "difficulty": "intermediate",
    "category": "entity",
    "imageURLs": [{"filename": "Enderman.png", "url": "https://minecraft.wiki/w/File:Enderman.png", "type": "Default"}]
  },
  {
    "word": "Endermite",
    "standardized": "Endermite",
    "chinese": "末影螨",
    "phonetic": "/ˈɛndərˌmaɪt/",
    "phrase": "ender pearl endermite",
    "phraseTranslation": "末影珍珠末影螨",
    "difficulty": "advanced",
    "category": "entity",
    "imageURLs": [{"filename": "Endermite.png", "url": "https://minecraft.wiki/w/File:Endermite.png", "type": "Default"}]
  },
  {
    "word": "Evoker",
    "standardized": "Evoker",
    "chinese": "唤魔者",
    "phonetic": "/ɪˈvoʊkər/",
    "phrase": "illager evoker magic",
    "phraseTranslation": "灾厄村民唤魔者魔法",
    "difficulty": "advanced",
    "category": "entity",
    "imageURLs": [{"filename": "Evoker.png", "url": "https://minecraft.wiki/w/File:Evoker.png", "type": "Default"}]
  },
  {
    "word": "Evoker Fangs",
    "standardized": "Evoker Fangs",
    "chinese": "唤魔者尖牙",
    "phonetic": "/ɪˈvoʊkər fæŋz/",
    "phrase": "evoker fang attack",
    "phraseTranslation": "唤魔者尖牙攻击",
    "difficulty": "advanced",
    "category": "entity",
    "imageURLs": [{"filename": "Evoker_Fangs.png", "url": "https://minecraft.wiki/w/File:Evoker_Fangs.png", "type": "Default"}]
  },
  {
    "word": "Experience Orb",
    "standardized": "Experience Orb",
    "chinese": "经验球",
    "phonetic": "/ɪkˈspɪriəns ɔrb/",
    "phrase": "experience orb collection",
    "phraseTranslation": "经验球收集",
    "difficulty": "basic",
    "category": "entity",
    "imageURLs": [{"filename": "Experience_Orb.png", "url": "https://minecraft.wiki/w/File:Experience_Orb.png", "type": "Default"}]
  },
  {
    "word": "Falling Blocks",
    "standardized": "Falling Blocks",
    "chinese": "下落的方块",
    "phonetic": "/ˈfɔlɪŋ blɑks/",
    "phrase": "gravity affected blocks",
    "phraseTranslation": "重力影响方块",
    "difficulty": "intermediate",
    "category": "entity",
    "imageURLs": [{"filename": "Falling_Block.png", "url": "https://minecraft.wiki/w/File:Falling_Block.png", "type": "Default"}]
  },
  {
    "word": "Fireball",
    "standardized": "Fireball",
    "chinese": "火球",
    "phonetic": "/ˈfaɪərˌbɔl/",
    "phrase": "ghast fireball projectile",
    "phraseTranslation": "恶魂火球弹射物",
    "difficulty": "intermediate",
    "category": "entity",
    "imageURLs": [{"filename": "Fireball.png", "url": "https://minecraft.wiki/w/File:Fireball.png", "type": "Default"}]
  },
  {
    "word": "Firefly",
    "standardized": "Firefly",
    "chinese": "萤火虫",
    "phonetic": "/ˈfaɪərˌflaɪ/",
    "phrase": "glowing firefly insect",
    "phraseTranslation": "发光萤火虫昆虫",
    "difficulty": "advanced",
    "category": "entity",
    "imageURLs": [{"filename": "Firefly.png", "url": "https://minecraft.wiki/w/File:Firefly.png", "type": "Default"}]
  },
  {
    "word": "Fishing Bobber",
    "standardized": "Fishing Bobber",
    "chinese": "浮漂",
    "phonetic": "/ˈfɪʃɪŋ ˈbɑbər/",
    "phrase": "fishing rod bobber",
    "phraseTranslation": "钓鱼竿浮漂",
    "difficulty": "intermediate",
    "category": "entity",
    "imageURLs": [{"filename": "Fishing_Bobber.png", "url": "https://minecraft.wiki/w/File:Fishing_Bobber.png", "type": "Default"}]
  },
  {
    "word": "Fox",
    "standardized": "Fox",
    "chinese": "狐狸",
    "phonetic": "/fɑks/",
    "phrase": "taiga fox animal",
    "phraseTranslation": "针叶林狐狸动物",
    "difficulty": "intermediate",
    "category": "entity",
    "imageURLs": [{"filename": "Fox.png", "url": "https://minecraft.wiki/w/File:Fox.png", "type": "Default"}]
  },
  {
    "word": "Frog",
    "standardized": "Frog",
    "chinese": "青蛙",
    "phonetic": "/frɔɡ/",
    "phrase": "swamp frog amphibian",
    "phraseTranslation": "沼泽青蛙两栖动物",
    "difficulty": "intermediate",
    "category": "entity",
    "imageURLs": [{"filename": "Frog.png", "url": "https://minecraft.wiki/w/File:Frog.png", "type": "Default"}]
  },
  {
    "word": "Ghast",
    "standardized": "Ghast",
    "chinese": "恶魂",
    "phonetic": "/ɡæst/",
    "phrase": "nether ghast floating",
    "phraseTranslation": "下界恶魂漂浮",
    "difficulty": "intermediate",
    "category": "entity",
    "imageURLs": [{"filename": "Ghast.png", "url": "https://minecraft.wiki/w/File:Ghast.png", "type": "Default"}]
  },
  {
    "word": "Giant",
    "standardized": "Giant",
    "chinese": "巨人",
    "phonetic": "/ˈdʒaɪənt/",
    "phrase": "giant zombie mob",
    "phraseTranslation": "巨人僵尸生物",
    "difficulty": "advanced",
    "category": "entity",
    "imageURLs": [{"filename": "Giant.png", "url": "https://minecraft.wiki/w/File:Giant.png", "type": "Default"}]
  },
  {
    "word": "Glow Squid",
    "standardized": "Glow Squid",
    "chinese": "发光鱿鱼",
    "phonetic": "/ɡloʊ skwɪd/",
    "phrase": "glowing squid ink",
    "phraseTranslation": "发光鱿鱼墨汁",
    "difficulty": "intermediate",
    "category": "entity",
    "imageURLs": [{"filename": "Glow_Squid.png", "url": "https://minecraft.wiki/w/File:Glow_Squid.png", "type": "Default"}]
  },
  {
    "word": "Goat",
    "standardized": "Goat",
    "chinese": "山羊",
    "phonetic": "/ɡoʊt/",
    "phrase": "mountain goat horn",
    "phraseTranslation": "山羊角",
    "difficulty": "intermediate",
    "category": "entity",
    "imageURLs": [{"filename": "Goat.png", "url": "https://minecraft.wiki/w/File:Goat.png", "type": "Default"}]
  },
  {
    "word": "Guardian",
    "standardized": "Guardian",
    "chinese": "守卫者",
    "phonetic": "/ˈɡɑrdiən/",
    "phrase": "ocean monument guardian",
    "phraseTranslation": "海底神殿守卫者",
    "difficulty": "intermediate",
    "category": "entity",
    "imageURLs": [{"filename": "Guardian.png", "url": "https://minecraft.wiki/w/File:Guardian.png", "type": "Default"}]
  },
  {
    "word": "Hoglin",
    "standardized": "Hoglin",
    "chinese": "疣猪兽",
    "phonetic": "/ˈhɔɡlɪn/",
    "phrase": "crimson forest hoglin",
    "phraseTranslation": "绯红森林疣猪兽",
    "difficulty": "advanced",
    "category": "entity",
    "imageURLs": [{"filename": "Hoglin.png", "url": "https://minecraft.wiki/w/File:Hoglin.png", "type": "Default"}]
  },
  {
    "word": "Horse",
    "standardized": "Horse",
    "chinese": "马",
    "phonetic": "/hɔrs/",
    "phrase": "rideable horse mount",
    "phraseTranslation": "可骑乘马匹",
    "difficulty": "basic",
    "category": "entity",
    "imageURLs": [{"filename": "Horse.png", "url": "https://minecraft.wiki/w/File:Horse.png", "type": "Default"}]
  },
  {
    "word": "Husk",
    "standardized": "Husk",
    "chinese": "尸壳",
    "phonetic": "/hʌsk/",
    "phrase": "desert zombie husk",
    "phraseTranslation": "沙漠僵尸尸壳",
    "difficulty": "intermediate",
    "category": "entity",
    "imageURLs": [{"filename": "Husk.png", "url": "https://minecraft.wiki/w/File:Husk.png", "type": "Default"}]
  },
  {
    "word": "Illusioner",
    "standardized": "Illusioner",
    "chinese": "幻术师",
    "phonetic": "/ɪˈluʒənər/",
    "phrase": "illusion magic caster",
    "phraseTranslation": "幻术魔法师",
    "difficulty": "advanced",
    "category": "entity",
    "imageURLs": [{"filename": "Illusioner.png", "url": "https://minecraft.wiki/w/File:Illusioner.png", "type": "Default"}]
  },
  {
    "word": "Interaction",
    "standardized": "Interaction",
    "chinese": "交互实体",
    "phonetic": "/ˌɪntərˈækʃən/",
    "phrase": "interaction entity command",
    "phraseTranslation": "交互实体命令",
    "difficulty": "advanced",
    "category": "entity",
    "imageURLs": [{"filename": "Interaction.png", "url": "https://minecraft.wiki/w/File:Interaction.png", "type": "Default"}]
  },
  {
    "word": "Iron Golem",
    "standardized": "Iron Golem",
    "chinese": "铁傀儡",
    "phonetic": "/ˈaɪərn ˈɡoʊləm/",
    "phrase": "village iron golem",
    "phraseTranslation": "村庄铁傀儡",
    "difficulty": "intermediate",
    "category": "entity",
    "imageURLs": [{"filename": "Iron_Golem.png", "url": "https://minecraft.wiki/w/File:Iron_Golem.png", "type": "Default"}]
  },
  {
    "word": "Item Display",
    "standardized": "Item Display",
    "chinese": "物品展示实体",
    "phonetic": "/ˈaɪtəm dɪˈspleɪ/",
    "phrase": "display entity item",
    "phraseTranslation": "展示实体物品",
    "difficulty": "advanced",
    "category": "entity",
    "imageURLs": [{"filename": "Item_Display.png", "url": "https://minecraft.wiki/w/File:Item_Display.png", "type": "Default"}]
  },
  {
    "word": "Leash Knot",
    "standardized": "Leash Knot",
    "chinese": "拴绳结",
    "phonetic": "/liʃ nɑt/",
    "phrase": "leash knot fence post",
    "phraseTranslation": "拴绳结栅栏柱",
    "difficulty": "intermediate",
    "category": "entity",
    "imageURLs": [{"filename": "Leash_Knot.png", "url": "https://minecraft.wiki/w/File:Leash_Knot.png", "type": "Default"}]
  },
  {
    "word": "Lightning Bolt",
    "standardized": "Lightning Bolt",
    "chinese": "闪电束",
    "phonetic": "/ˈlaɪtnɪŋ boʊlt/",
    "phrase": "thunderstorm lightning strike",
    "phraseTranslation": "雷暴闪电击中",
    "difficulty": "intermediate",
    "category": "entity",
    "imageURLs": [{"filename": "Lightning_Bolt.png", "url": "https://minecraft.wiki/w/File:Lightning_Bolt.png", "type": "Default"}]
  },
  {
    "word": "Llama",
    "standardized": "Llama",
    "chinese": "羊驼",
    "phonetic": "/ˈlɑmə/",
    "phrase": "pack animal llama",
    "phraseTranslation": "载货羊驼",
    "difficulty": "intermediate",
    "category": "entity",
    "imageURLs": [{"filename": "Llama.png", "url": "https://minecraft.wiki/w/File:Llama.png", "type": "Default"}]
  },
  {
    "word": "Llama Spit",
    "standardized": "Llama Spit",
    "chinese": "羊驼唾沫",
    "phonetic": "/ˈlɑmə spɪt/",
    "phrase": "llama spit attack",
    "phraseTranslation": "羊驼吐口水攻击",
    "difficulty": "intermediate",
    "category": "entity",
    "imageURLs": [{"filename": "Llama_Spit.png", "url": "https://minecraft.wiki/w/File:Llama_Spit.png", "type": "Default"}]
  },
  {
    "word": "Magma Cube",
    "standardized": "Magma Cube",
    "chinese": "岩浆怪",
    "phonetic": "/ˈmæɡmə kjub/",
    "phrase": "nether magma cube",
    "phraseTranslation": "下界岩浆怪",
    "difficulty": "intermediate",
    "category": "entity",
    "imageURLs": [{"filename": "Magma_Cube.png", "url": "https://minecraft.wiki/w/File:Magma_Cube.png", "type": "Default"}]
  },
  {
    "word": "Marker",
    "standardized": "Marker",
    "chinese": "标记",
    "phonetic": "/ˈmɑrkər/",
    "phrase": "invisible marker entity",
    "phraseTranslation": "隐形标记实体",
    "difficulty": "advanced",
    "category": "entity",
    "imageURLs": [{"filename": "Marker.png", "url": "https://minecraft.wiki/w/File:Marker.png", "type": "Default"}]
  },
  {
    "word": "Minecart",
    "standardized": "Minecart",
    "chinese": "矿车",
    "phonetic": "/ˈmaɪnˌkɑrt/",
    "phrase": "rail transport minecart",
    "phraseTranslation": "铁路运输矿车",
    "difficulty": "basic",
    "category": "entity",
    "imageURLs": [{"filename": "Minecart.png", "url": "https://minecraft.wiki/w/File:Minecart.png", "type": "Default"}]
  },
  {
    "word": "Mooshroom",
    "standardized": "Mooshroom",
    "chinese": "哞菇",
    "phonetic": "/ˈmuʃrum/",
    "phrase": "mushroom cow mooshroom",
    "phraseTranslation": "蘑菇牛哞菇",
    "difficulty": "intermediate",
    "category": "entity",
    "imageURLs": [{"filename": "Mooshroom.png", "url": "https://minecraft.wiki/w/File:Mooshroom.png", "type": "Default"}]
  },
  {
    "word": "Mule",
    "standardized": "Mule",
    "chinese": "骡",
    "phonetic": "/mjul/",
    "phrase": "pack mule transport",
    "phraseTranslation": "载货骡子运输",
    "difficulty": "intermediate",
    "category": "entity",
    "imageURLs": [{"filename": "Mule.png", "url": "https://minecraft.wiki/w/File:Mule.png", "type": "Default"}]
  },
  {
    "word": "Npc",
    "standardized": "NPC",
    "chinese": "NPC",
    "phonetic": "/ɛn pi si/",
    "phrase": "education edition npc",
    "phraseTranslation": "教育版NPC",
    "difficulty": "advanced",
    "category": "entity",
    "imageURLs": [{"filename": "NPC.png", "url": "https://minecraft.wiki/w/File:NPC.png", "type": "Default"}]
  },
  {
    "word": "Ocelot",
    "standardized": "Ocelot",
    "chinese": "豹猫",
    "phonetic": "/ˈɑsəˌlɑt/",
    "phrase": "jungle ocelot cat",
    "phraseTranslation": "丛林豹猫",
    "difficulty": "intermediate",
    "category": "entity",
    "imageURLs": [{"filename": "Ocelot.png", "url": "https://minecraft.wiki/w/File:Ocelot.png", "type": "Default"}]
  },
  {
    "word": "Panda",
    "standardized": "Panda",
    "chinese": "熊猫",
    "phonetic": "/ˈpændə/",
    "phrase": "bamboo jungle panda",
    "phraseTranslation": "竹林熊猫",
    "difficulty": "intermediate",
    "category": "entity",
    "imageURLs": [{"filename": "Panda.png", "url": "https://minecraft.wiki/w/File:Panda.png", "type": "Default"}]
  },
  {
    "word": "Parrot",
    "standardized": "Parrot",
    "chinese": "鹦鹉",
    "phonetic": "/ˈpæroʊt/",
    "phrase": "jungle parrot bird",
    "phraseTranslation": "丛林鹦鹉鸟",
    "difficulty": "intermediate",
    "category": "entity",
    "imageURLs": [{"filename": "Parrot.png", "url": "https://minecraft.wiki/w/File:Parrot.png", "type": "Default"}]
  },
  {
    "word": "Phantom",
    "standardized": "Phantom",
    "chinese": "幻翼",
    "phonetic": "/ˈfæntəm/",
    "phrase": "night sky phantom",
    "phraseTranslation": "夜空幻翼",
    "difficulty": "advanced",
    "category": "entity",
    "imageURLs": [{"filename": "Phantom.png", "url": "https://minecraft.wiki/w/File:Phantom.png", "type": "Default"}]
  },
  {
    "word": "Pig",
    "standardized": "Pig",
    "chinese": "猪",
    "phonetic": "/pɪɡ/",
    "phrase": "farm pig animal",
    "phraseTranslation": "农场猪动物",
    "difficulty": "basic",
    "category": "entity",
    "imageURLs": [{"filename": "Pig.png", "url": "https://minecraft.wiki/w/File:Pig.png", "type": "Default"}]
  },
  {
    "word": "Piglin",
    "standardized": "Piglin",
    "chinese": "猪灵",
    "phonetic": "/ˈpɪɡlɪn/",
    "phrase": "nether piglin trading",
    "phraseTranslation": "下界猪灵交易",
    "difficulty": "advanced",
    "category": "entity",
    "imageURLs": [{"filename": "Piglin.png", "url": "https://minecraft.wiki/w/File:Piglin.png", "type": "Default"}]
  },
  {
    "word": "Piglin Brute",
    "standardized": "Piglin Brute",
    "chinese": "猪灵蛮兵",
    "phonetic": "/ˈpɪɡlɪn brut/",
    "phrase": "aggressive piglin brute",
    "phraseTranslation": "攻击性猪灵蛮兵",
    "difficulty": "advanced",
    "category": "entity",
    "imageURLs": [{"filename": "Piglin_Brute.png", "url": "https://minecraft.wiki/w/File:Piglin_Brute.png", "type": "Default"}]
  },
  {
    "word": "Pillager",
    "standardized": "Pillager",
    "chinese": "掠夺者",
    "phonetic": "/ˈpɪlədʒər/",
    "phrase": "illager pillager crossbow",
    "phraseTranslation": "灾厄村民掠夺者弩",
    "difficulty": "intermediate",
    "category": "entity",
    "imageURLs": [{"filename": "Pillager.png", "url": "https://minecraft.wiki/w/File:Pillager.png", "type": "Default"}]
  },
  {
    "word": "Player",
    "standardized": "Player",
    "chinese": "玩家",
    "phonetic": "/ˈpleɪər/",
    "phrase": "multiplayer game player",
    "phraseTranslation": "多人游戏玩家",
    "difficulty": "basic",
    "category": "entity",
    "imageURLs": [{"filename": "Player.png", "url": "https://minecraft.wiki/w/File:Player.png", "type": "Default"}]
  },
  {
    "word": "Polar Bear",
    "standardized": "Polar Bear",
    "chinese": "北极熊",
    "phonetic": "/ˈpoʊlər bɛr/",
    "phrase": "arctic polar bear",
    "phraseTranslation": "北极地区北极熊",
    "difficulty": "intermediate",
    "category": "entity",
    "imageURLs": [{"filename": "Polar_Bear.png", "url": "https://minecraft.wiki/w/File:Polar_Bear.png", "type": "Default"}]
  },
  {
    "word": "Primed Tnt",
    "standardized": "Primed TNT",
    "chinese": "被激活的TNT",
    "phonetic": "/praɪmd ti ɛn ti/",
    "phrase": "explosive primed tnt",
    "phraseTranslation": "爆炸被激活TNT",
    "difficulty": "intermediate",
    "category": "entity",
    "imageURLs": [{"filename": "Primed_TNT.png", "url": "https://minecraft.wiki/w/File:Primed_TNT.png", "type": "Default"}]
  },
  {
    "word": "Pufferfish",
    "standardized": "Pufferfish",
    "chinese": "河豚",
    "phonetic": "/ˈpʌfərˌfɪʃ/",
    "phrase": "poisonous pufferfish defense",
    "phraseTranslation": "有毒河豚防御",
    "difficulty": "intermediate",
    "category": "entity",
    "imageURLs": [{"filename": "Pufferfish.png", "url": "https://minecraft.wiki/w/File:Pufferfish.png", "type": "Default"}]
  },
  {
    "word": "Rabbit",
    "standardized": "Rabbit",
    "chinese": "兔子",
    "phonetic": "/ˈræbɪt/",
    "phrase": "wild rabbit hopping",
    "phraseTranslation": "野兔跳跃",
    "difficulty": "basic",
    "category": "entity",
    "imageURLs": [{"filename": "Rabbit.png", "url": "https://minecraft.wiki/w/File:Rabbit.png", "type": "Default"}]
  },
  {
    "word": "Ravager",
    "standardized": "Ravager",
    "chinese": "劫掠兽",
    "phonetic": "/ˈrævɪdʒər/",
    "phrase": "raid ravager beast",
    "phraseTranslation": "袭击劫掠兽",
    "difficulty": "advanced",
    "category": "entity",
    "imageURLs": [{"filename": "Ravager.png", "url": "https://minecraft.wiki/w/File:Ravager.png", "type": "Default"}]
  },
  {
    "word": "Salmon",
    "standardized": "Salmon",
    "chinese": "鲑鱼",
    "phonetic": "/ˈsæmən/",
    "phrase": "river salmon fish",
    "phraseTranslation": "河流鲑鱼",
    "difficulty": "basic",
    "category": "entity",
    "imageURLs": [{"filename": "Salmon.png", "url": "https://minecraft.wiki/w/File:Salmon.png", "type": "Default"}]
  },
  {
    "word": "Sheep",
    "standardized": "Sheep",
    "chinese": "绵羊",
    "phonetic": "/ʃip/",
    "phrase": "wool producing sheep",
    "phraseTranslation": "产毛绵羊",
    "difficulty": "basic",
    "category": "entity",
    "imageURLs": [{"filename": "Sheep.png", "url": "https://minecraft.wiki/w/File:Sheep.png", "type": "Default"}]
  },
  {
    "word": "Shulker",
    "standardized": "Shulker",
    "chinese": "潜影贝",
    "phonetic": "/ˈʃʌlkər/",
    "phrase": "end city shulker",
    "phraseTranslation": "末地城潜影贝",
    "difficulty": "advanced",
    "category": "entity",
    "imageURLs": [{"filename": "Shulker.png", "url": "https://minecraft.wiki/w/File:Shulker.png", "type": "Default"}]
  },
  {
    "word": "Shulker Bullet",
    "standardized": "Shulker Bullet",
    "chinese": "潜影弹",
    "phonetic": "/ˈʃʌlkər ˈbʊlət/",
    "phrase": "shulker projectile attack",
    "phraseTranslation": "潜影贝弹射物攻击",
    "difficulty": "advanced",
    "category": "entity",
    "imageURLs": [{"filename": "Shulker_Bullet.png", "url": "https://minecraft.wiki/w/File:Shulker_Bullet.png", "type": "Default"}]
  },
  {
    "word": "Silverfish",
    "standardized": "Silverfish",
    "chinese": "蠹虫",
    "phonetic": "/ˈsɪlvərˌfɪʃ/",
    "phrase": "stone silverfish infestation",
    "phraseTranslation": "石头蠹虫虫蚀",
    "difficulty": "intermediate",
    "category": "entity",
    "imageURLs": [{"filename": "Silverfish.png", "url": "https://minecraft.wiki/w/File:Silverfish.png", "type": "Default"}]
  },
  {
    "word": "Skeleton",
    "standardized": "Skeleton",
    "chinese": "骷髅",
    "phonetic": "/ˈskɛlətn/",
    "phrase": "bow shooting skeleton",
    "phraseTranslation": "弓箭射击骷髅",
    "difficulty": "basic",
    "category": "entity",
    "imageURLs": [{"filename": "Skeleton.png", "url": "https://minecraft.wiki/w/File:Skeleton.png", "type": "Default"}]
  },
  {
    "word": "Skeleton Horse",
    "standardized": "Skeleton Horse",
    "chinese": "骷髅马",
    "phonetic": "/ˈskɛlətn hɔrs/",
    "phrase": "undead skeleton horse",
    "phraseTranslation": "亡灵骷髅马",
    "difficulty": "advanced",
    "category": "entity",
    "imageURLs": [{"filename": "Skeleton_Horse.png", "url": "https://minecraft.wiki/w/File:Skeleton_Horse.png", "type": "Default"}]
  },
  {
    "word": "Slime",
    "standardized": "Slime",
    "chinese": "史莱姆",
    "phonetic": "/slaɪm/",
    "phrase": "bouncing slime mob",
    "phraseTranslation": "弹跳史莱姆生物",
    "difficulty": "basic",
    "category": "entity",
    "imageURLs": [{"filename": "Slime.png", "url": "https://minecraft.wiki/w/File:Slime.png", "type": "Default"}]
  },
  {
    "word": "Small Fireball",
    "standardized": "Small Fireball",
    "chinese": "小火球",
    "phonetic": "/smɔl ˈfaɪərˌbɔl/",
    "phrase": "blaze small fireball",
    "phraseTranslation": "烈焰人小火球",
    "difficulty": "intermediate",
    "category": "entity",
    "imageURLs": [{"filename": "Small_Fireball.png", "url": "https://minecraft.wiki/w/File:Small_Fireball.png", "type": "Default"}]
  },
  {
    "word": "Sniffer",
    "standardized": "Sniffer",
    "chinese": "嗅探兽",
    "phonetic": "/ˈsnɪfər/",
    "phrase": "ancient sniffer mob",
    "phraseTranslation": "远古嗅探兽生物",
    "difficulty": "advanced",
    "category": "entity",
    "imageURLs": [{"filename": "Sniffer.png", "url": "https://minecraft.wiki/w/File:Sniffer.png", "type": "Default"}]
  },
  {
    "word": "Snow Golem",
    "standardized": "Snow Golem",
    "chinese": "雪傀儡",
    "phonetic": "/snoʊ ˈɡoʊləm/",
    "phrase": "snowman snow golem",
    "phraseTranslation": "雪人雪傀儡",
    "difficulty": "intermediate",
    "category": "entity",
    "imageURLs": [{"filename": "Snow_Golem.png", "url": "https://minecraft.wiki/w/File:Snow_Golem.png", "type": "Default"}]
  },
  {
    "word": "Spider",
    "standardized": "Spider",
    "chinese": "蜘蛛",
    "phonetic": "/ˈspaɪdər/",
    "phrase": "hostile spider mob",
    "phraseTranslation": "敌对蜘蛛生物",
    "difficulty": "basic",
    "category": "entity",
    "imageURLs": [{"filename": "Spider.png", "url": "https://minecraft.wiki/w/File:Spider.png", "type": "Default"}]
  },
  {
    "word": "Squid",
    "standardized": "Squid",
    "chinese": "鱿鱼",
    "phonetic": "/skwɪd/",
    "phrase": "ocean squid ink",
    "phraseTranslation": "海洋鱿鱼墨汁",
    "difficulty": "basic",
    "category": "entity",
    "imageURLs": [{"filename": "Squid.png", "url": "https://minecraft.wiki/w/File:Squid.png", "type": "Default"}]
  },
  {
    "word": "Stray",
    "standardized": "Stray",
    "chinese": "流浪者",
    "phonetic": "/streɪ/",
    "phrase": "frozen skeleton stray",
    "phraseTranslation": "冰冻骷髅流浪者",
    "difficulty": "intermediate",
    "category": "entity",
    "imageURLs": [{"filename": "Stray.png", "url": "https://minecraft.wiki/w/File:Stray.png", "type": "Default"}]
  },
  {
    "word": "Strider",
    "standardized": "Strider",
    "chinese": "炽足兽",
    "phonetic": "/ˈstraɪdər/",
    "phrase": "lava walking strider",
    "phraseTranslation": "熔岩行走炽足兽",
    "difficulty": "advanced",
    "category": "entity",
    "imageURLs": [{"filename": "Strider.png", "url": "https://minecraft.wiki/w/File:Strider.png", "type": "Default"}]
  },
  {
    "word": "Tadpole",
    "standardized": "Tadpole",
    "chinese": "蝌蚪",
    "phonetic": "/ˈtædˌpoʊl/",
    "phrase": "frog tadpole baby",
    "phraseTranslation": "青蛙蝌蚪幼体",
    "difficulty": "advanced",
    "category": "entity",
    "imageURLs": [{"filename": "Tadpole.png", "url": "https://minecraft.wiki/w/File:Tadpole.png", "type": "Default"}]
  },
  {
    "word": "Text Display",
    "standardized": "Text Display",
    "chinese": "文本展示实体",
    "phonetic": "/tɛkst dɪˈspleɪ/",
    "phrase": "display entity text",
    "phraseTranslation": "展示实体文本",
    "difficulty": "advanced",
    "category": "entity",
    "imageURLs": [{"filename": "Text_Display.png", "url": "https://minecraft.wiki/w/File:Text_Display.png", "type": "Default"}]
  },
  {
    "word": "Trader Llama",
    "standardized": "Trader Llama",
    "chinese": "行商羊驼",
    "phonetic": "/ˈtreɪdər ˈlɑmə/",
    "phrase": "wandering trader llama",
    "phraseTranslation": "流浪商人羊驼",
    "difficulty": "intermediate",
    "category": "entity",
    "imageURLs": [{"filename": "Trader_Llama.png", "url": "https://minecraft.wiki/w/File:Trader_Llama.png", "type": "Default"}]
  },
  {
    "word": "Tropical Fish",
    "standardized": "Tropical Fish",
    "chinese": "热带鱼",
    "phonetic": "/ˈtrɑpɪkəl fɪʃ/",
    "phrase": "colorful tropical fish",
    "phraseTranslation": "彩色热带鱼",
    "difficulty": "intermediate",
    "category": "entity",
    "imageURLs": [{"filename": "Tropical_Fish.png", "url": "https://minecraft.wiki/w/File:Tropical_Fish.png", "type": "Default"}]
  },
  {
    "word": "Turtle",
    "standardized": "Turtle",
    "chinese": "海龟",
    "phonetic": "/ˈtɜrtəl/",
    "phrase": "beach turtle nesting",
    "phraseTranslation": "海滩海龟筑巢",
    "difficulty": "intermediate",
    "category": "entity",
    "imageURLs": [{"filename": "Turtle.png", "url": "https://minecraft.wiki/w/File:Turtle.png", "type": "Default"}]
  },
  {
    "word": "Vex",
    "standardized": "Vex",
    "chinese": "恼鬼",
    "phonetic": "/vɛks/",
    "phrase": "evoker summoned vex",
    "phraseTranslation": "唤魔者召唤恼鬼",
    "difficulty": "advanced",
    "category": "entity",
    "imageURLs": [{"filename": "Vex.png", "url": "https://minecraft.wiki/w/File:Vex.png", "type": "Default"}]
  },
  {
    "word": "Villager",
    "standardized": "Villager",
    "chinese": "村民",
    "phonetic": "/ˈvɪlədʒər/",
    "phrase": "trading villager npc",
    "phraseTranslation": "交易村民NPC",
    "difficulty": "basic",
    "category": "entity",
    "imageURLs": [{"filename": "Villager.png", "url": "https://minecraft.wiki/w/File:Villager.png", "type": "Default"}]
  },
  {
    "word": "Vindicator",
    "standardized": "Vindicator",
    "chinese": "卫道士",
    "phonetic": "/ˈvɪndəˌkeɪtər/",
    "phrase": "axe wielding vindicator",
    "phraseTranslation": "持斧卫道士",
    "difficulty": "advanced",
    "category": "entity",
    "imageURLs": [{"filename": "Vindicator.png", "url": "https://minecraft.wiki/w/File:Vindicator.png", "type": "Default"}]
  },
  {
    "word": "Wandering Trader",
    "standardized": "Wandering Trader",
    "chinese": "流浪商人",
    "phonetic": "/ˈwɑndərɪŋ ˈtreɪdər/",
    "phrase": "wandering trader merchant",
    "phraseTranslation": "流浪商人商贩",
    "difficulty": "intermediate",
    "category": "entity",
    "imageURLs": [{"filename": "Wandering_Trader.png", "url": "https://minecraft.wiki/w/File:Wandering_Trader.png", "type": "Default"}]
  },
  {
    "word": "Warden",
    "standardized": "Warden",
    "chinese": "监守者",
    "phonetic": "/ˈwɔrdən/",
    "phrase": "deep dark warden",
    "phraseTranslation": "深暗之域监守者",
    "difficulty": "advanced",
    "category": "entity",
    "imageURLs": [{"filename": "Warden.png", "url": "https://minecraft.wiki/w/File:Warden.png", "type": "Default"}]
  },
  {
    "word": "Witch",
    "standardized": "Witch",
    "chinese": "女巫",
    "phonetic": "/wɪtʃ/",
    "phrase": "potion throwing witch",
    "phraseTranslation": "投掷药水女巫",
    "difficulty": "intermediate",
    "category": "entity",
    "imageURLs": [{"filename": "Witch.png", "url": "https://minecraft.wiki/w/File:Witch.png", "type": "Default"}]
  },
  {
    "word": "Wither",
    "standardized": "Wither",
    "chinese": "凋灵",
    "phonetic": "/ˈwɪðər/",
    "phrase": "three headed wither boss",
    "phraseTranslation": "三头凋灵Boss",
    "difficulty": "advanced",
    "category": "entity",
    "imageURLs": [{"filename": "Wither.png", "url": "https://minecraft.wiki/w/File:Wither.png", "type": "Default"}]
  },
  {
    "word": "Wither Skeleton",
    "standardized": "Wither Skeleton",
    "chinese": "凋灵骷髅",
    "phonetic": "/ˈwɪðər ˈskɛlətn/",
    "phrase": "nether wither skeleton",
    "phraseTranslation": "下界凋灵骷髅",
    "difficulty": "advanced",
    "category": "entity",
    "imageURLs": [{"filename": "Wither_Skeleton.png", "url": "https://minecraft.wiki/w/File:Wither_Skeleton.png", "type": "Default"}]
  },
  {
    "word": "Wither Skull",
    "standardized": "Wither Skull",
    "chinese": "凋灵之首",
    "phonetic": "/ˈwɪðər skʌl/",
    "phrase": "wither skull projectile",
    "phraseTranslation": "凋灵之首弹射物",
    "difficulty": "advanced",
    "category": "entity",
    "imageURLs": [{"filename": "Wither_Skull.png", "url": "https://minecraft.wiki/w/File:Wither_Skull.png", "type": "Default"}]
  },
  {
    "word": "Wolf",
    "standardized": "Wolf",
    "chinese": "狼",
    "phonetic": "/wʊlf/",
    "phrase": "tameable wolf pet",
    "phraseTranslation": "可驯服狼宠物",
    "difficulty": "basic",
    "category": "entity",
    "imageURLs": [{"filename": "Wolf.png", "url": "https://minecraft.wiki/w/File:Wolf.png", "type": "Default"}]
  },
  {
    "word": "Zoglin",
    "standardized": "Zoglin",
    "chinese": "僵尸疣猪兽",
    "phonetic": "/ˈzoʊɡlɪn/",
    "phrase": "zombified hoglin zoglin",
    "phraseTranslation": "僵尸化疣猪兽",
    "difficulty": "advanced",
    "category": "entity",
    "imageURLs": [{"filename": "Zoglin.png", "url": "https://minecraft.wiki/w/File:Zoglin.png", "type": "Default"}]
  },
  {
    "word": "Zombie",
    "standardized": "Zombie",
    "chinese": "僵尸",
    "phonetic": "/ˈzɑmbi/",
    "phrase": "undead zombie mob",
    "phraseTranslation": "亡灵僵尸生物",
    "difficulty": "basic",
    "category": "entity",
    "imageURLs": [{"filename": "Zombie.png", "url": "https://minecraft.wiki/w/File:Zombie.png", "type": "Default"}]
  },
  {
    "word": "Zombie Horse",
    "standardized": "Zombie Horse",
    "chinese": "僵尸马",
    "phonetic": "/ˈzɑmbi hɔrs/",
    "phrase": "undead zombie horse",
    "phraseTranslation": "亡灵僵尸马",
    "difficulty": "advanced",
    "category": "entity",
    "imageURLs": [{"filename": "Zombie_Horse.png", "url": "https://minecraft.wiki/w/File:Zombie_Horse.png", "type": "Default"}]
  },
  {
    "word": "Zombie Villager",
    "standardized": "Zombie Villager",
    "chinese": "僵尸村民",
    "phonetic": "/ˈzɑmbi ˈvɪlədʒər/",
    "phrase": "curable zombie villager",
    "phraseTranslation": "可治愈僵尸村民",
    "difficulty": "intermediate",
    "category": "entity",
    "imageURLs": [{"filename": "Zombie_Villager.png", "url": "https://minecraft.wiki/w/File:Zombie_Villager.png", "type": "Default"}]
  },
  {
    "word": "Zombified Piglin",
    "standardized": "Zombified Piglin",
    "chinese": "僵尸猪灵",
    "phonetic": "/ˈzɑmbiˌfaɪd ˈpɪɡlɪn/",
    "phrase": "nether zombified piglin",
    "phraseTranslation": "下界僵尸猪灵",
    "difficulty": "advanced",
    "category": "entity",
    "imageURLs": [{"filename": "Zombified_Piglin.png", "url": "https://minecraft.wiki/w/File:Zombified_Piglin.png", "type": "Default"}]
  }
]