  [
    {
    "word": "Desert Pyramid",
    "standardized": "Desert Pyramid",
    "chinese": "沙漠神殿",
    "phonetic": "/ˈdɛzərt ˈpɪrəmɪd/",
    "phrase": "desert temple pyramid",
    "phraseTranslation": "沙漠神庙金字塔",
    "difficulty": "intermediate",
    "category": "environment",
    "imageURLs": [{"filename": "Desert_Pyramid.png", "url": "https://minecraft.wiki/w/File:Desert_Pyramid.png", "type": "Default"}]
  },
  {
    "word": "Desert Well",
    "standardized": "Desert Well",
    "chinese": "沙漠水井",
    "phonetic": "/ˈdɛzərt wɛl/",
    "phrase": "rare desert well structure",
    "phraseTranslation": "稀有沙漠水井结构",
    "difficulty": "intermediate",
    "category": "environment",
    "imageURLs": [{"filename": "Desert_Well.png", "url": "https://minecraft.wiki/w/File:Desert_Well.png", "type": "Default"}]
  },
  {
    "word": "Dimensions",
    "standardized": "Dimensions",
    "chinese": "维度",
    "phonetic": "/dəˈmɛnʃənz/",
    "phrase": "three game dimensions",
    "phraseTranslation": "三个游戏维度",
    "difficulty": "intermediate",
    "category": "environment",
    "imageURLs": [{"filename": "Dimensions.png", "url": "https://minecraft.wiki/w/File:Dimensions.png", "type": "Default"}]
  },
  {
    "word": "Disk",
    "standardized": "Disk",
    "chinese": "圆盘",
    "phonetic": "/dɪsk/",
    "phrase": "ore generation disk",
    "phraseTranslation": "矿石生成圆盘",
    "difficulty": "advanced",
    "category": "environment",
    "imageURLs": [{"filename": "Disk.png", "url": "https://minecraft.wiki/w/File:Disk.png", "type": "Default"}]
  },
  {
    "word": "Dripstone Cluster",
    "standardized": "Dripstone Cluster",
    "chinese": "滴水石簇",
    "phonetic": "/ˈdrɪpstoʊn ˈklʌstər/",
    "phrase": "cave dripstone clusters",
    "phraseTranslation": "洞穴滴水石簇",
    "difficulty": "advanced",
    "category": "environment",
    "imageURLs": [{"filename": "Dripstone_Cluster.png", "url": "https://minecraft.wiki/w/File:Dripstone_Cluster.png", "type": "Default"}]
  },
  {
    "word": "Dungeon",
    "standardized": "Dungeon",
    "chinese": "地牢",
    "phonetic": "/ˈdʌndʒən/",
    "phrase": "monster spawner dungeon",
    "phraseTranslation": "刷怪笼地牢",
    "difficulty": "intermediate",
    "category": "environment",
    "imageURLs": [{"filename": "Dungeon.png", "url": "https://minecraft.wiki/w/File:Dungeon.png", "type": "Default"}]
  },
  {
    "word": "Embankment",
    "standardized": "Embankment",
    "chinese": "堤岸",
    "phonetic": "/ɪmˈbæŋkmənt/",
    "phrase": "river embankment shore",
    "phraseTranslation": "河流堤岸岸边",
    "difficulty": "advanced",
    "category": "environment",
    "imageURLs": [{"filename": "Embankment.png", "url": "https://minecraft.wiki/w/File:Embankment.png", "type": "Default"}]
  },
  {
    "word": "Enchanting Library",
    "standardized": "Enchanting Library",
    "chinese": "附魔用图书馆",
    "phonetic": "/ɪnˈtʃæntɪŋ ˈlaɪbrɛri/",
    "phrase": "enchanting table library",
    "phraseTranslation": "附魔台图书馆",
    "difficulty": "intermediate",
    "category": "environment",
    "imageURLs": [{"filename": "Enchanting_Library.png", "url": "https://minecraft.wiki/w/File:Enchanting_Library.png", "type": "Default"}]
  },
  {
    "word": "End City",
    "standardized": "End City",
    "chinese": "末地城",
    "phonetic": "/ɛnd ˈsɪti/",
    "phrase": "end dimension city",
    "phraseTranslation": "末地维度城市",
    "difficulty": "advanced",
    "category": "environment",
    "imageURLs": [{"filename": "End_City.png", "url": "https://minecraft.wiki/w/File:End_City.png", "type": "Default"}]
  },
  {
    "word": "End Gateway",
    "standardized": "End Gateway",
    "chinese": "末地折跃门",
    "phonetic": "/ɛnd ˈɡeɪtˌweɪ/",
    "phrase": "end gateway portal",
    "phraseTranslation": "末地折跃门传送门",
    "difficulty": "advanced",
    "category": "environment",
    "imageURLs": [{"filename": "End_Gateway.png", "url": "https://minecraft.wiki/w/File:End_Gateway.png", "type": "Default"}]
  },
  {
    "word": "End Portal",
    "standardized": "End Portal",
    "chinese": "末地传送门",
    "phonetic": "/ɛnd ˈpɔrtəl/",
    "phrase": "stronghold end portal",
    "phraseTranslation": "要塞末地传送门",
    "difficulty": "advanced",
    "category": "environment",
    "imageURLs": [{"filename": "End_Portal.png", "url": "https://minecraft.wiki/w/File:End_Portal.png", "type": "Default"}]
  },
  {
    "word": "End Ship",
    "standardized": "End Ship",
    "chinese": "末地船",
    "phonetic": "/ɛnd ʃɪp/",
    "phrase": "end city floating ship",
    "phraseTranslation": "末地城浮空船",
    "difficulty": "advanced",
    "category": "environment",
    "imageURLs": [{"filename": "End_Ship.png", "url": "https://minecraft.wiki/w/File:End_Ship.png", "type": "Default"}]
  },
  {
    "word": "Entities",
    "standardized": "Entities",
    "chinese": "实体",
    "phonetic": "/ˈɛntətiz/",
    "phrase": "game entities system",
    "phraseTranslation": "游戏实体系统",
    "difficulty": "intermediate",
    "category": "environment",
    "imageURLs": [{"filename": "Entities.png", "url": "https://minecraft.wiki/w/File:Entities.png", "type": "Default"}]
  },
  {
    "word": "Exit Portal",
    "standardized": "Exit Portal",
    "chinese": "返回传送门",
    "phonetic": "/ˈɛɡzɪt ˈpɔrtəl/",
    "phrase": "end exit portal",
    "phraseTranslation": "末地返回传送门",
    "difficulty": "advanced",
    "category": "environment",
    "imageURLs": [{"filename": "Exit_Portal.png", "url": "https://minecraft.wiki/w/File:Exit_Portal.png", "type": "Default"}]
  },
  {
    "word": "Explosion",
    "standardized": "Explosion",
    "chinese": "爆炸",
    "phonetic": "/ɪkˈsploʊʒən/",
    "phrase": "tnt explosion damage",
    "phraseTranslation": "TNT爆炸伤害",
    "difficulty": "basic",
    "category": "environment",
    "imageURLs": [{"filename": "Explosion.png", "url": "https://minecraft.wiki/w/File:Explosion.png", "type": "Default"}]
  },
  {
    "word": "Far Lands",
    "standardized": "Far Lands",
    "chinese": "边境之地",
    "phonetic": "/fɑr lændz/",
    "phrase": "world boundary far lands",
    "phraseTranslation": "世界边界边境之地",
    "difficulty": "advanced",
    "category": "environment",
    "imageURLs": [{"filename": "Far_Lands.png", "url": "https://minecraft.wiki/w/File:Far_Lands.png", "type": "Default"}]
  },
  {
    "word": "Floating Island",
    "standardized": "Floating Island",
    "chinese": "浮岛",
    "phonetic": "/ˈfloʊtɪŋ ˈaɪlənd/",
    "phrase": "end floating islands",
    "phraseTranslation": "末地浮空岛屿",
    "difficulty": "intermediate",
    "category": "environment",
    "imageURLs": [{"filename": "Floating_Island.png", "url": "https://minecraft.wiki/w/File:Floating_Island.png", "type": "Default"}]
  },
  {
    "word": "Fluids",
    "standardized": "Fluids",
    "chinese": "液体",
    "phonetic": "/ˈfluədz/",
    "phrase": "water lava fluids",
    "phraseTranslation": "水和熔岩液体",
    "difficulty": "basic",
    "category": "environment",
    "imageURLs": [{"filename": "Fluids.png", "url": "https://minecraft.wiki/w/File:Fluids.png", "type": "Default"}]
  },
  {
    "word": "Fortress",
    "standardized": "Fortress",
    "chinese": "下界要塞",
    "phonetic": "/ˈfɔrtrəs/",
    "phrase": "nether fortress structure",
    "phraseTranslation": "下界要塞结构",
    "difficulty": "advanced",
    "category": "environment",
    "imageURLs": [{"filename": "Nether_Fortress.png", "url": "https://minecraft.wiki/w/File:Nether_Fortress.png", "type": "Default"}]
  },
  {
    "word": "Fossil",
    "standardized": "Fossil",
    "chinese": "化石",
    "phonetic": "/ˈfɑsəl/",
    "phrase": "underground bone fossil",
    "phraseTranslation": "地下骨头化石",
    "difficulty": "advanced",
    "category": "environment",
    "imageURLs": [{"filename": "Fossil.png", "url": "https://minecraft.wiki/w/File:Fossil.png", "type": "Default"}]
  },
  {
    "word": "Glowstone Blob",
    "standardized": "Glowstone Blob",
    "chinese": "荧石堆",
    "phonetic": "/ˈɡloʊstoʊn blɑb/",
    "phrase": "nether glowstone formation",
    "phraseTranslation": "下界荧石堆积",
    "difficulty": "intermediate",
    "category": "environment",
    "imageURLs": [{"filename": "Glowstone_Blob.png", "url": "https://minecraft.wiki/w/File:Glowstone_Blob.png", "type": "Default"}]
  },
  {
    "word": "Hill",
    "standardized": "Hill",
    "chinese": "丘陵",
    "phonetic": "/hɪl/",
    "phrase": "windswept hills biome",
    "phraseTranslation": "风袭丘陵生物群系",
    "difficulty": "basic",
    "category": "environment",
    "imageURLs": [{"filename": "Hills.png", "url": "https://minecraft.wiki/w/File:Hills.png", "type": "Default"}]
  },
  {
    "word": "Huge Brown Mushroom",
    "standardized": "Huge Brown Mushroom",
    "chinese": "巨型棕色蘑菇",
    "phonetic": "/hjudʒ braʊn ˈmʌʃrum/",
    "phrase": "giant brown mushroom tree",
    "phraseTranslation": "巨型棕色蘑菇树",
    "difficulty": "intermediate",
    "category": "environment",
    "imageURLs": [{"filename": "Huge_Brown_Mushroom.png", "url": "https://minecraft.wiki/w/File:Huge_Brown_Mushroom.png", "type": "Default"}]
  },
  {
    "word": "Huge Crimson Fungus",
    "standardized": "Huge Crimson Fungus",
    "chinese": "巨型绯红菌",
    "phonetic": "/hjudʒ ˈkrɪmzən ˈfʌŋɡəs/",
    "phrase": "nether crimson fungus tree",
    "phraseTranslation": "下界绯红菌树",
    "difficulty": "advanced",
    "category": "environment",
    "imageURLs": [{"filename": "Huge_Crimson_Fungus.png", "url": "https://minecraft.wiki/w/File:Huge_Crimson_Fungus.png", "type": "Default"}]
  },
  {
    "word": "Huge Fungus",
    "standardized": "Huge Fungus",
    "chinese": "巨型菌类",
    "phonetic": "/hjudʒ ˈfʌŋɡəs/",
    "phrase": "nether huge fungus",
    "phraseTranslation": "下界巨型菌类",
    "difficulty": "advanced",
    "category": "environment",
    "imageURLs": [{"filename": "Huge_Fungus.png", "url": "https://minecraft.wiki/w/File:Huge_Fungus.png", "type": "Default"}]
  },
  {
    "word": "Huge Mushroom",
    "standardized": "Huge Mushroom",
    "chinese": "巨型蘑菇",
    "phonetic": "/hjudʒ ˈmʌʃrum/",
    "phrase": "mushroom fields huge mushroom",
    "phraseTranslation": "蘑菇岛巨型蘑菇",
    "difficulty": "intermediate",
    "category": "environment",
    "imageURLs": [{"filename": "Huge_Mushroom.png", "url": "https://minecraft.wiki/w/File:Huge_Mushroom.png", "type": "Default"}]
  },
  {
    "word": "Huge Red Mushroom",
    "standardized": "Huge Red Mushroom",
    "chinese": "巨型红色蘑菇",
    "phonetic": "/hjudʒ rɛd ˈmʌʃrum/",
    "phrase": "giant red mushroom tree",
    "phraseTranslation": "巨型红色蘑菇树",
    "difficulty": "intermediate",
    "category": "environment",
    "imageURLs": [{"filename": "Huge_Red_Mushroom.png", "url": "https://minecraft.wiki/w/File:Huge_Red_Mushroom.png", "type": "Default"}]
  },
  {
    "word": "Huge Warped Fungus",
    "standardized": "Huge Warped Fungus",
    "chinese": "巨型诡异菌",
    "phonetic": "/hjudʒ wɔrpt ˈfʌŋɡəs/",
    "phrase": "nether warped fungus tree",
    "phraseTranslation": "下界诡异菌树",
    "difficulty": "advanced",
    "category": "environment",
    "imageURLs": [{"filename": "Huge_Warped_Fungus.png", "url": "https://minecraft.wiki/w/File:Huge_Warped_Fungus.png", "type": "Default"}]
  },
  {
    "word": "Ice Spike",
    "standardized": "Ice Spike",
    "chinese": "冰刺",
    "phonetic": "/aɪs spaɪk/",
    "phrase": "ice spikes biome formation",
    "phraseTranslation": "冰刺之地生物群系地形",
    "difficulty": "intermediate",
    "category": "environment",
    "imageURLs": [{"filename": "Ice_Spike.png", "url": "https://minecraft.wiki/w/File:Ice_Spike.png", "type": "Default"}]
  },
  {
    "word": "Iceberg",
    "standardized": "Iceberg",
    "chinese": "冰山",
    "phonetic": "/ˈaɪsbɜrɡ/",
    "phrase": "frozen ocean iceberg",
    "phraseTranslation": "冰冻海洋冰山",
    "difficulty": "intermediate",
    "category": "environment",
    "imageURLs": [{"filename": "Iceberg.png", "url": "https://minecraft.wiki/w/File:Iceberg.png", "type": "Default"}]
  },
  {
    "word": "Igloo",
    "standardized": "Igloo",
    "chinese": "雪屋",
    "phonetic": "/ˈɪɡlu/",
    "phrase": "snowy plains igloo",
    "phraseTranslation": "雪原雪屋",
    "difficulty": "intermediate",
    "category": "environment",
    "imageURLs": [{"filename": "Igloo.png", "url": "https://minecraft.wiki/w/File:Igloo.png", "type": "Default"}]
  },
  {
    "word": "Island",
    "standardized": "Island",
    "chinese": "岛屿",
    "phonetic": "/ˈaɪlənd/",
    "phrase": "ocean island formation",
    "phraseTranslation": "海洋岛屿地形",
    "difficulty": "basic",
    "category": "environment",
    "imageURLs": [{"filename": "Island.png", "url": "https://minecraft.wiki/w/File:Island.png", "type": "Default"}]
  },
  {
    "word": "Items",
    "standardized": "Items",
    "chinese": "物品",
    "phonetic": "/ˈaɪtəmz/",
    "phrase": "game items inventory",
    "phraseTranslation": "游戏物品库存",
    "difficulty": "basic",
    "category": "environment",
    "imageURLs": [{"filename": "Items.png", "url": "https://minecraft.wiki/w/File:Items.png", "type": "Default"}]
  },
  {
    "word": "Jungle Pyramid",
    "standardized": "Jungle Pyramid",
    "chinese": "丛林神庙",
    "phonetic": "/ˈdʒʌŋɡəl ˈpɪrəmɪd/",
    "phrase": "jungle temple pyramid",
    "phraseTranslation": "丛林神庙金字塔",
    "difficulty": "intermediate",
    "category": "environment",
    "imageURLs": [{"filename": "Jungle_Pyramid.png", "url": "https://minecraft.wiki/w/File:Jungle_Pyramid.png", "type": "Default"}]
  },
  {
    "word": "Jungle Tree",
    "standardized": "Jungle Tree",
    "chinese": "丛林树",
    "phonetic": "/ˈdʒʌŋɡəl tri/",
    "phrase": "large jungle tree",
    "phraseTranslation": "大型丛林树",
    "difficulty": "basic",
    "category": "environment",
    "imageURLs": [{"filename": "Jungle_Tree.png", "url": "https://minecraft.wiki/w/File:Jungle_Tree.png", "type": "Default"}]
  },
  {
    "word": "Lake",
    "standardized": "Lake",
    "chinese": "湖",
    "phonetic": "/leɪk/",
    "phrase": "freshwater lake body",
    "phraseTranslation": "淡水湖泊水体",
    "difficulty": "basic",
    "category": "environment",
    "imageURLs": [{"filename": "Lake.png", "url": "https://minecraft.wiki/w/File:Lake.png", "type": "Default"}]
  },
  {
    "word": "Large Biomes",
    "standardized": "Large Biomes",
    "chinese": "巨型生物群系",
    "phonetic": "/lɑrdʒ ˈbaɪoʊmz/",
    "phrase": "large biomes world type",
    "phraseTranslation": "巨型生物群系世界类型",
    "difficulty": "advanced",
    "category": "environment",
    "imageURLs": [{"filename": "Large_Biomes.png", "url": "https://minecraft.wiki/w/File:Large_Biomes.png", "type": "Default"}]
  },
  {
    "word": "Lava Lake",
    "standardized": "Lava Lake",
    "chinese": "熔岩湖",
    "phonetic": "/ˈlɑvə leɪk/",
    "phrase": "underground lava lake",
    "phraseTranslation": "地下熔岩湖",
    "difficulty": "intermediate",
    "category": "environment",
    "imageURLs": [{"filename": "Lava_Lake.png", "url": "https://minecraft.wiki/w/File:Lava_Lake.png", "type": "Default"}]
  },
  {
    "word": "Lava Sea",
    "standardized": "Lava Sea",
    "chinese": "熔岩海",
    "phonetic": "/ˈlɑvə si/",
    "phrase": "nether lava sea",
    "phraseTranslation": "下界熔岩海",
    "difficulty": "intermediate",
    "category": "environment",
    "imageURLs": [{"filename": "Lava_Sea.png", "url": "https://minecraft.wiki/w/File:Lava_Sea.png", "type": "Default"}]
  },
  {
    "word": "Liquids",
    "standardized": "Liquids",
    "chinese": "液体",
    "phonetic": "/ˈlɪkwədz/",
    "phrase": "flowing liquid mechanics",
    "phraseTranslation": "流动液体机制",
    "difficulty": "basic",
    "category": "environment",
    "imageURLs": [{"filename": "Liquids.png", "url": "https://minecraft.wiki/w/File:Liquids.png", "type": "Default"}]
  },
  {
    "word": "Mangrove Tree",
    "standardized": "Mangrove Tree",
    "chinese": "红树",
    "phonetic": "/ˈmæŋɡroʊv tri/",
    "phrase": "swamp mangrove tree",
    "phraseTranslation": "沼泽红树",
    "difficulty": "advanced",
    "category": "environment",
    "imageURLs": [{"filename": "Mangrove_Tree.png", "url": "https://minecraft.wiki/w/File:Mangrove_Tree.png", "type": "Default"}]
  },
  {
    "word": "Mansion",
    "standardized": "Mansion",
    "chinese": "林地府邸",
    "phonetic": "/ˈmænʃən/",
    "phrase": "woodland mansion structure",
    "phraseTranslation": "林地府邸结构",
    "difficulty": "advanced",
    "category": "environment",
    "imageURLs": [{"filename": "Woodland_Mansion.png", "url": "https://minecraft.wiki/w/File:Woodland_Mansion.png", "type": "Default"}]
  },
  {
    "word": "Mineshaft",
    "standardized": "Mineshaft",
    "chinese": "废弃矿井",
    "phonetic": "/ˈmaɪnˌʃæft/",
    "phrase": "abandoned mineshaft tunnels",
    "phraseTranslation": "废弃矿井隧道",
    "difficulty": "intermediate",
    "category": "environment",
    "imageURLs": [{"filename": "Mineshaft.png", "url": "https://minecraft.wiki/w/File:Mineshaft.png", "type": "Default"}]
  },
  {
    "word": "Mobs",
    "standardized": "Mobs",
    "chinese": "生物",
    "phonetic": "/mɑbz/",
    "phrase": "hostile mobs spawning",
    "phraseTranslation": "敌对生物生成",
    "difficulty": "basic",
    "category": "environment",
    "imageURLs": [{"filename": "Mobs.png", "url": "https://minecraft.wiki/w/File:Mobs.png", "type": "Default"}]
  },
  {
    "word": "Monolith",
    "standardized": "Monolith",
    "chinese": "独石柱",
    "phonetic": "/ˈmɑnəlɪθ/",
    "phrase": "stone monolith pillar",
    "phraseTranslation": "石头独石柱",
    "difficulty": "advanced",
    "category": "environment",
    "imageURLs": [{"filename": "Monolith.png", "url": "https://minecraft.wiki/w/File:Monolith.png", "type": "Default"}]
  },
  {
    "word": "Moon",
    "standardized": "Moon",
    "chinese": "月亮",
    "phonetic": "/mun/",
    "phrase": "night sky moon phases",
    "phraseTranslation": "夜空月相变化",
    "difficulty": "basic",
    "category": "environment",
    "imageURLs": [{"filename": "Moon.png", "url": "https://minecraft.wiki/w/File:Moon.png", "type": "Default"}]
  },
  {
    "word": "Mossy Cobblestone Boulder",
    "standardized": "Mossy Cobblestone Boulder",
    "chinese": "生苔的巨石",
    "phonetic": "/ˈmɔsi ˈkɑbəlstoʊn ˈboʊldər/",
    "phrase": "taiga mossy boulder",
    "phraseTranslation": "针叶林苔藓巨石",
    "difficulty": "advanced",
    "category": "environment",
    "imageURLs": [{"filename": "Mossy_Cobblestone_Boulder.png", "url": "https://minecraft.wiki/w/File:Mossy_Cobblestone_Boulder.png", "type": "Default"}]
  },
  {
    "word": "Mountain",
    "standardized": "Mountain",
    "chinese": "山地",
    "phonetic": "/ˈmaʊntən/",
    "phrase": "high mountain peaks",
    "phraseTranslation": "高山山峰",
    "difficulty": "basic",
    "category": "environment",
    "imageURLs": [{"filename": "Mountain.png", "url": "https://minecraft.wiki/w/File:Mountain.png", "type": "Default"}]
  },
  {
    "word": "Music",
    "standardized": "Music",
    "chinese": "音乐",
    "phonetic": "/ˈmjuzɪk/",
    "phrase": "background music tracks",
    "phraseTranslation": "背景音乐音轨",
    "difficulty": "basic",
    "category": "environment",
    "imageURLs": [{"filename": "Music.png", "url": "https://minecraft.wiki/w/File:Music.png", "type": "Default"}]
  },
  {
    "word": "Nether Cave",
    "standardized": "Nether Cave",
    "chinese": "下界洞穴",
    "phonetic": "/ˈnɛðər keɪv/",
    "phrase": "nether underground caves",
    "phraseTranslation": "下界地下洞穴",
    "difficulty": "advanced",
    "category": "environment",
    "imageURLs": [{"filename": "Nether_Cave.png", "url": "https://minecraft.wiki/w/File:Nether_Cave.png", "type": "Default"}]
  },
  {
    "word": "Nether Fortress",
    "standardized": "Nether Fortress",
    "chinese": "下界要塞",
    "phonetic": "/ˈnɛðər ˈfɔrtrəs/",
    "phrase": "nether fortress structure",
    "phraseTranslation": "下界要塞建筑",
    "difficulty": "advanced",
    "category": "environment",
    "imageURLs": [{"filename": "Nether_Fortress.png", "url": "https://minecraft.wiki/w/File:Nether_Fortress.png", "type": "Default"}]
  },
  {
    "word": "Nether Fossil",
    "standardized": "Nether Fossil",
    "chinese": "下界化石",
    "phonetic": "/ˈnɛðər ˈfɑsəl/",
    "phrase": "nether soul sand fossil",
    "phraseTranslation": "下界灵魂沙化石",
    "difficulty": "advanced",
    "category": "environment",
    "imageURLs": [{"filename": "Nether_Fossil.png", "url": "https://minecraft.wiki/w/File:Nether_Fossil.png", "type": "Default"}]
  },
  {
    "word": "Nether Portal",
    "standardized": "Nether Portal",
    "chinese": "下界传送门",
    "phonetic": "/ˈnɛðər ˈpɔrtəl/",
    "phrase": "obsidian nether portal",
    "phraseTranslation": "黑曜石下界传送门",
    "difficulty": "intermediate",
    "category": "environment",
    "imageURLs": [{"filename": "Nether_Portal.png", "url": "https://minecraft.wiki/w/File:Nether_Portal.png", "type": "Default"}]
  },
  {
    "word": "Nether Reactor",
    "standardized": "Nether Reactor",
    "chinese": "下界反应器",
    "phonetic": "/ˈnɛðər riˈæktər/",
    "phrase": "legacy nether reactor",
    "phraseTranslation": "旧版下界反应器",
    "difficulty": "advanced",
    "category": "environment",
    "imageURLs": [{"filename": "Nether_Reactor.png", "url": "https://minecraft.wiki/w/File:Nether_Reactor.png", "type": "Default"}]
  },
  {
    "word": "Noise Cave",
    "standardized": "Noise Cave",
    "chinese": "噪声洞穴",
    "phonetic": "/nɔɪz keɪv/",
    "phrase": "noise generated caves",
    "phraseTranslation": "噪声生成洞穴",
    "difficulty": "advanced",
    "category": "environment",
    "imageURLs": [{"filename": "Noise_Cave.png", "url": "https://minecraft.wiki/w/File:Noise_Cave.png", "type": "Default"}]
  },
  {
    "word": "Oak Tree",
    "standardized": "Oak Tree",
    "chinese": "橡树",
    "phonetic": "/oʊk tri/",
    "phrase": "forest oak tree",
    "phraseTranslation": "森林橡树",
    "difficulty": "basic",
    "category": "environment",
    "imageURLs": [{"filename": "Oak_Tree.png", "url": "https://minecraft.wiki/w/File:Oak_Tree.png", "type": "Default"}]
  },
  {
    "word": "Obsidian Pillar",
    "standardized": "Obsidian Pillar",
    "chinese": "黑曜石柱",
    "phonetic": "/əbˈsɪdiən ˈpɪlər/",
    "phrase": "end obsidian pillars",
    "phraseTranslation": "末地黑曜石柱",
    "difficulty": "advanced",
    "category": "environment",
    "imageURLs": [{"filename": "Obsidian_Pillar.png", "url": "https://minecraft.wiki/w/File:Obsidian_Pillar.png", "type": "Default"}]
  },
  {
    "word": "Obsidian Platform",
    "standardized": "Obsidian Platform",
    "chinese": "黑曜石平台",
    "phonetic": "/əbˈsɪdiən ˈplætfɔrm/",
    "phrase": "end spawn platform",
    "phraseTranslation": "末地出生平台",
    "difficulty": "advanced",
    "category": "environment",
    "imageURLs": [{"filename": "Obsidian_Platform.png", "url": "https://minecraft.wiki/w/File:Obsidian_Platform.png", "type": "Default"}]
  },
  {
    "word": "Ocean Monument",
    "standardized": "Ocean Monument",
    "chinese": "海底神殿",
    "phonetic": "/ˈoʊʃən ˈmɑnjəmənt/",
    "phrase": "underwater ocean monument",
    "phraseTranslation": "水下海底神殿",
    "difficulty": "advanced",
    "category": "environment",
    "imageURLs": [{"filename": "Ocean_Monument.png", "url": "https://minecraft.wiki/w/File:Ocean_Monument.png", "type": "Default"}]
  },
  {
    "word": "Ocean Ruins",
    "standardized": "Ocean Ruins",
    "chinese": "海底废墟",
    "phonetic": "/ˈoʊʃən ˈruənz/",
    "phrase": "underwater ocean ruins",
    "phraseTranslation": "水下海底废墟",
    "difficulty": "intermediate",
    "category": "environment",
    "imageURLs": [{"filename": "Ocean_Ruins.png", "url": "https://minecraft.wiki/w/File:Ocean_Ruins.png", "type": "Default"}]
  },
  {
    "word": "Ore",
    "standardized": "Ore",
    "chinese": "矿石",
    "phonetic": "/ɔr/",
    "phrase": "mineral ore deposits",
    "phraseTranslation": "矿物矿石矿床",
    "difficulty": "basic",
    "category": "environment",
    "imageURLs": [{"filename": "Ore.png", "url": "https://minecraft.wiki/w/File:Ore.png", "type": "Default"}]
  },
  {
    "word": "Overworld",
    "standardized": "Overworld",
    "chinese": "主世界",
    "phonetic": "/ˈoʊvərˌwɜrld/",
    "phrase": "main overworld dimension",
    "phraseTranslation": "主要主世界维度",
    "difficulty": "basic",
    "category": "environment",
    "imageURLs": [{"filename": "Overworld.png", "url": "https://minecraft.wiki/w/File:Overworld.png", "type": "Default"}]
  },
  {
    "word": "Pillager Outpost",
    "standardized": "Pillager Outpost",
    "chinese": "掠夺者前哨站",
    "phonetic": "/ˈpɪlədʒər ˈaʊtˌpoʊst/",
    "phrase": "illager pillager outpost",
    "phraseTranslation": "灾厄村民掠夺者前哨站",
    "difficulty": "advanced",
    "category": "environment",
    "imageURLs": [{"filename": "Pillager_Outpost.png", "url": "https://minecraft.wiki/w/File:Pillager_Outpost.png", "type": "Default"}]
  },
  {
    "word": "Projectile",
    "standardized": "Projectile",
    "chinese": "弹射物",
    "phonetic": "/prəˈdʒɛktəl/",
    "phrase": "arrow projectile flight",
    "phraseTranslation": "箭矢弹射物飞行",
    "difficulty": "intermediate",
    "category": "environment",
    "imageURLs": [{"filename": "Projectile.png", "url": "https://minecraft.wiki/w/File:Projectile.png", "type": "Default"}]
  },
  {
    "word": "Rain",
    "standardized": "Rain",
    "chinese": "降雨",
    "phonetic": "/reɪn/",
    "phrase": "weather rain precipitation",
    "phraseTranslation": "天气降雨降水",
    "difficulty": "basic",
    "category": "environment",
    "imageURLs": [{"filename": "Rain.png", "url": "https://minecraft.wiki/w/File:Rain.png", "type": "Default"}]
  },
  {
    "word": "Random Patch",
    "standardized": "Random Patch",
    "chinese": "随机斑块",
    "phonetic": "/ˈrændəm pætʃ/",
    "phrase": "terrain random patches",
    "phraseTranslation": "地形随机斑块",
    "difficulty": "advanced",
    "category": "environment",
    "imageURLs": [{"filename": "Random_Patch.png", "url": "https://minecraft.wiki/w/File:Random_Patch.png", "type": "Default"}]
  },
  {
    "word": "Renewable Resource",
    "standardized": "Renewable Resource",
    "chinese": "可再生资源",
    "phonetic": "/rɪˈnuəbəl ˈrisɔrs/",
    "phrase": "sustainable renewable resources",
    "phraseTranslation": "可持续可再生资源",
    "difficulty": "advanced",
    "category": "environment",
    "imageURLs": [{"filename": "Renewable_Resource.png", "url": "https://minecraft.wiki/w/File:Renewable_Resource.png", "type": "Default"}]
  },
  {
    "word": "Ruined Portal",
    "standardized": "Ruined Portal",
    "chinese": "废弃传送门",
    "phonetic": "/ˈruənd ˈpɔrtəl/",
    "phrase": "broken ruined portal",
    "phraseTranslation": "破损废弃传送门",
    "difficulty": "intermediate",
    "category": "environment",
    "imageURLs": [{"filename": "Ruined_Portal.png", "url": "https://minecraft.wiki/w/File:Ruined_Portal.png", "type": "Default"}]
  },
  {
    "word": "Shipwreck",
    "standardized": "Shipwreck",
    "chinese": "沉船",
    "phonetic": "/ˈʃɪpˌrɛk/",
    "phrase": "ocean shipwreck structure",
    "phraseTranslation": "海洋沉船结构",
    "difficulty": "intermediate",
    "category": "environment",
    "imageURLs": [{"filename": "Shipwreck.png", "url": "https://minecraft.wiki/w/File:Shipwreck.png", "type": "Default"}]
  },
  {
    "word": "Sky Dimension",
    "standardized": "Sky Dimension",
    "chinese": "天域",
    "phonetic": "/skaɪ dəˈmɛnʃən/",
    "phrase": "removed sky dimension",
    "phraseTranslation": "已移除天域维度",
    "difficulty": "advanced",
    "category": "environment",
    "imageURLs": [{"filename": "Sky_Dimension.png", "url": "https://minecraft.wiki/w/File:Sky_Dimension.png", "type": "Default"}]
  },
  {
    "word": "Snowfall",
    "standardized": "Snowfall",
    "chinese": "降雪",
    "phonetic": "/ˈsnoʊˌfɔl/",
    "phrase": "cold biome snowfall",
    "phraseTranslation": "寒冷生物群系降雪",
    "difficulty": "basic",
    "category": "environment",
    "imageURLs": [{"filename": "Snowfall.png", "url": "https://minecraft.wiki/w/File:Snowfall.png", "type": "Default"}]
  },
  {
    "word": "Spring",
    "standardized": "Spring",
    "chinese": "涌泉",
    "phonetic": "/sprɪŋ/",
    "phrase": "water spring source",
    "phraseTranslation": "水源涌泉",
    "difficulty": "intermediate",
    "category": "environment",
    "imageURLs": [{"filename": "Spring.png", "url": "https://minecraft.wiki/w/File:Spring.png", "type": "Default"}]
  },
  {
    "word": "Spruce Tree",
    "standardized": "Spruce Tree",
    "chinese": "云杉树",
    "phonetic": "/sprus tri/",
    "phrase": "taiga spruce tree",
    "phraseTranslation": "针叶林云杉树",
    "difficulty": "basic",
    "category": "environment",
    "imageURLs": [{"filename": "Spruce_Tree.png", "url": "https://minecraft.wiki/w/File:Spruce_Tree.png", "type": "Default"}]
  },
  {
    "word": "Stars",
    "standardized": "Stars",
    "chinese": "星星",
    "phonetic": "/stɑrz/",
    "phrase": "night sky stars",
    "phraseTranslation": "夜空星星",
    "difficulty": "basic",
    "category": "environment",
    "imageURLs": [{"filename": "Stars.png", "url": "https://minecraft.wiki/w/File:Stars.png", "type": "Default"}]
  },
  {
    "word": "Stone Platform",
    "standardized": "Stone Platform",
    "chinese": "石头平台",
    "phonetic": "/stoʊn ˈplætfɔrm/",
    "phrase": "stone platform structure",
    "phraseTranslation": "石头平台结构",
    "difficulty": "basic",
    "category": "environment",
    "imageURLs": [{"filename": "Stone_Platform.png", "url": "https://minecraft.wiki/w/File:Stone_Platform.png", "type": "Default"}]
  },
  {
    "word": "Stronghold",
    "standardized": "Stronghold",
    "chinese": "要塞",
    "phonetic": "/ˈstrɔŋˌhoʊld/",
    "phrase": "underground stronghold fortress",
    "phraseTranslation": "地下要塞堡垒",
    "difficulty": "advanced",
    "category": "environment",
    "imageURLs": [{"filename": "Stronghold.png", "url": "https://minecraft.wiki/w/File:Stronghold.png", "type": "Default"}]
  },
  {
    "word": "Sun",
    "standardized": "Sun",
    "chinese": "太阳",
    "phonetic": "/sʌn/",
    "phrase": "daylight sun cycle",
    "phraseTranslation": "白昼太阳循环",
    "difficulty": "basic",
    "category": "environment",
    "imageURLs": [{"filename": "Sun.png", "url": "https://minecraft.wiki/w/File:Sun.png", "type": "Default"}]
  },
  {
    "word": "Superflat",
    "standardized": "Superflat",
    "chinese": "超平坦",
    "phonetic": "/ˈsupərˌflæt/",
    "phrase": "superflat world generation",
    "phraseTranslation": "超平坦世界生成",
    "difficulty": "intermediate",
    "category": "environment",
    "imageURLs": [{"filename": "Superflat.png", "url": "https://minecraft.wiki/w/File:Superflat.png", "type": "Default"}]
  },
  {
    "word": "Swamp Hut",
    "standardized": "Swamp Hut",
    "chinese": "沼泽小屋",
    "phonetic": "/swæmp hʌt/",
    "phrase": "witch swamp hut",
    "phraseTranslation": "女巫沼泽小屋",
    "difficulty": "intermediate",
    "category": "environment",
    "imageURLs": [{"filename": "Swamp_Hut.png", "url": "https://minecraft.wiki/w/File:Swamp_Hut.png", "type": "Default"}]
  },
  {
    "word": "The End",
    "standardized": "The End",
    "chinese": "末地",
    "phonetic": "/ðə ɛnd/",
    "phrase": "end dimension realm",
    "phraseTranslation": "末地维度领域",
    "difficulty": "advanced",
    "category": "environment",
    "imageURLs": [{"filename": "The_End.png", "url": "https://minecraft.wiki/w/File:The_End.png", "type": "Default"}]
  },
  {
    "word": "The Nether",
    "standardized": "The Nether",
    "chinese": "下界",
    "phonetic": "/ðə ˈnɛðər/",
    "phrase": "nether dimension hell",
    "phraseTranslation": "下界维度地狱",
    "difficulty": "intermediate",
    "category": "environment",
    "imageURLs": [{"filename": "The_Nether.png", "url": "https://minecraft.wiki/w/File:The_Nether.png", "type": "Default"}]
  },
  {
    "word": "The Void",
    "standardized": "The Void",
    "chinese": "虚空",
    "phonetic": "/ðə vɔɪd/",
    "phrase": "empty void dimension",
    "phraseTranslation": "空虚虚空维度",
    "difficulty": "advanced",
    "category": "environment",
    "imageURLs": [{"filename": "The_Void.png", "url": "https://minecraft.wiki/w/File:The_Void.png", "type": "Default"}]
  },
  {
    "word": "Thunderstorm",
    "standardized": "Thunderstorm",
    "chinese": "雷暴",
    "phonetic": "/ˈθʌndərˌstɔrm/",
    "phrase": "lightning thunderstorm weather",
    "phraseTranslation": "闪电雷暴天气",
    "difficulty": "intermediate",
    "category": "environment",
    "imageURLs": [{"filename": "Thunderstorm.png", "url": "https://minecraft.wiki/w/File:Thunderstorm.png", "type": "Default"}]
  },
  {
    "word": "Trail Ruins",
    "standardized": "Trail Ruins",
    "chinese": "古迹废墟",
    "phonetic": "/treɪl ˈruənz/",
    "phrase": "ancient trail ruins",
    "phraseTranslation": "远古古迹废墟",
    "difficulty": "advanced",
    "category": "environment",
    "imageURLs": [{"filename": "Trail_Ruins.png", "url": "https://minecraft.wiki/w/File:Trail_Ruins.png", "type": "Default"}]
  },
  {
    "word": "Tree",
    "standardized": "Tree",
    "chinese": "树木",
    "phonetic": "/tri/",
    "phrase": "forest tree growth",
    "phraseTranslation": "森林树木生长",
    "difficulty": "basic",
    "category": "environment",
    "imageURLs": [{"filename": "Tree.png", "url": "https://minecraft.wiki/w/File:Tree.png", "type": "Default"}]
  },
  {
    "word": "Underwater Cave",
    "standardized": "Underwater Cave",
    "chinese": "水下洞穴",
    "phonetic": "/ˈʌndərˌwɔtər keɪv/",
    "phrase": "flooded underwater caves",
    "phraseTranslation": "被淹没的水下洞穴",
    "difficulty": "intermediate",
    "category": "environment",
    "imageURLs": [{"filename": "Underwater_Cave.png", "url": "https://minecraft.wiki/w/File:Underwater_Cave.png", "type": "Default"}]
  },
  {
    "word": "Underwater Ravine",
    "standardized": "Underwater Ravine",
    "chinese": "水下峡谷",
    "phonetic": "/ˈʌndərˌwɔtər rəˈvin/",
    "phrase": "ocean floor ravine",
    "phraseTranslation": "海底峡谷",
    "difficulty": "intermediate",
    "category": "environment",
    "imageURLs": [{"filename": "Underwater_Ravine.png", "url": "https://minecraft.wiki/w/File:Underwater_Ravine.png", "type": "Default"}]
  },
  {
    "word": "Underwater Ruins",
    "standardized": "Underwater Ruins",
    "chinese": "海底废墟",
    "phonetic": "/ˈʌndərˌwɔtər ˈruənz/",
    "phrase": "submerged ocean ruins",
    "phraseTranslation": "淹没海底废墟",
    "difficulty": "intermediate",
    "category": "environment",
    "imageURLs": [{"filename": "Underwater_Ruins.png", "url": "https://minecraft.wiki/w/File:Underwater_Ruins.png", "type": "Default"}]
  },
  {
    "word": "Village",
    "standardized": "Village",
    "chinese": "村庄",
    "phonetic": "/ˈvɪlədʒ/",
    "phrase": "villager village settlement",
    "phraseTranslation": "村民村庄聚落",
    "difficulty": "basic",
    "category": "environment",
    "imageURLs": [{"filename": "Village.png", "url": "https://minecraft.wiki/w/File:Village.png", "type": "Default"}]
  },
  {
    "word": "Weather",
    "standardized": "Weather",
    "chinese": "天气",
    "phonetic": "/ˈwɛðər/",
    "phrase": "dynamic weather system",
    "phraseTranslation": "动态天气系统",
    "difficulty": "basic",
    "category": "environment",
    "imageURLs": [{"filename": "Weather.png", "url": "https://minecraft.wiki/w/File:Weather.png", "type": "Default"}]
  },
  {
    "word": "Witch Hut",
    "standardized": "Witch Hut",
    "chinese": "女巫小屋",
    "phonetic": "/wɪtʃ hʌt/",
    "phrase": "swamp witch hut",
    "phraseTranslation": "沼泽女巫小屋",
    "difficulty": "intermediate",
    "category": "environment",
    "imageURLs": [{"filename": "Witch_Hut.png", "url": "https://minecraft.wiki/w/File:Witch_Hut.png", "type": "Default"}]
  },
  {
    "word": "Woodland Mansion",
    "standardized": "Woodland Mansion",
    "chinese": "林地府邸",
    "phonetic": "/ˈwʊdlənd ˈmænʃən/",
    "phrase": "dark forest mansion",
    "phraseTranslation": "黑森林府邸",
    "difficulty": "advanced",
    "category": "environment",
    "imageURLs": [{"filename": "Woodland_Mansion.png", "url": "https://minecraft.wiki/w/File:Woodland_Mansion.png", "type": "Default"}]
  },
  {
    "word": "World Border",
    "standardized": "World Border",
    "chinese": "世界边界",
    "phonetic": "/wɜrld ˈbɔrdər/",
    "phrase": "world boundary limit",
    "phraseTranslation": "世界边界限制",
    "difficulty": "advanced",
    "category": "environment",
    "imageURLs": [{"filename": "World_Border.png", "url": "https://minecraft.wiki/w/File:World_Border.png", "type": "Default"}]
  },
  {
    "word": "World Boundary",
    "standardized": "World Boundary",
    "chinese": "世界界限",
    "phonetic": "/wɜrld ˈbaʊndəri/",
    "phrase": "world generation boundary",
    "phraseTranslation": "世界生成界限",
    "difficulty": "advanced",
    "category": "environment",
    "imageURLs": [{"filename": "World_Boundary.png", "url": "https://minecraft.wiki/w/File:World_Boundary.png", "type": "Default"}]
  }
][
  {
    "word": "Acacia Tree",
    "standardized": "Acacia Tree",
    "chinese": "金合欢树",
    "phonetic": "/əˈkeɪʃə tri/",
    "phrase": "savanna acacia tree",
    "phraseTranslation": "热带草原金合欢树",
    "difficulty": "intermediate",
    "category": "environment",
    "imageURLs": [{"filename": "Acacia_Tree.png", "url": "https://minecraft.wiki/w/File:Acacia_Tree.png", "type": "Default"}]
  },
  {
    "word": "Altitude",
    "standardized": "Altitude",
    "chinese": "高度",
    "phonetic": "/ˈæltəˌtud/",
    "phrase": "world altitude level",
    "phraseTranslation": "世界高度等级",
    "difficulty": "intermediate",
    "category": "environment",
    "imageURLs": [{"filename": "Altitude.png", "url": "https://minecraft.wiki/w/File:Altitude.png", "type": "Default"}]
  },
  {
    "word": "Ambience",
    "standardized": "Ambience",
    "chinese": "环境音效",
    "phonetic": "/ˈæmbiəns/",
    "phrase": "cave ambience sounds",
    "phraseTranslation": "洞穴环境音效",
    "difficulty": "intermediate",
    "category": "environment",
    "imageURLs": [{"filename": "Ambience.png", "url": "https://minecraft.wiki/w/File:Ambience.png", "type": "Default"}]
  },
  {
    "word": "Amethyst Geode",
    "standardized": "Amethyst Geode",
    "chinese": "紫晶洞",
    "phonetic": "/ˈæməθɪst ˈdʒioʊd/",
    "phrase": "underground amethyst geode",
    "phraseTranslation": "地下紫晶洞",
    "difficulty": "advanced",
    "category": "environment",
    "imageURLs": [{"filename": "Amethyst_Geode.png", "url": "https://minecraft.wiki/w/File:Amethyst_Geode.png", "type": "Default"}]
  },
  {
    "word": "Amplified",
    "standardized": "Amplified",
    "chinese": "放大化",
    "phonetic": "/ˈæmpləˌfaɪd/",
    "phrase": "amplified world generation",
    "phraseTranslation": "放大化世界生成",
    "difficulty": "advanced",
    "category": "environment",
    "imageURLs": [{"filename": "Amplified.png", "url": "https://minecraft.wiki/w/File:Amplified.png", "type": "Default"}]
  },
  {
    "word": "Ancient City",
    "standardized": "Ancient City",
    "chinese": "远古城市",
    "phonetic": "/ˈeɪnʃənt ˈsɪti/",
    "phrase": "deep dark ancient city",
    "phraseTranslation": "深暗之域远古城市",
    "difficulty": "advanced",
    "category": "environment",
    "imageURLs": [{"filename": "Ancient_City.png", "url": "https://minecraft.wiki/w/File:Ancient_City.png", "type": "Default"}]
  },
  {
    "word": "Aquifer",
    "standardized": "Aquifer",
    "chinese": "含水层",
    "phonetic": "/ˈækwəfər/",
    "phrase": "underground water aquifer",
    "phraseTranslation": "地下水含水层",
    "difficulty": "advanced",
    "category": "environment",
    "imageURLs": [{"filename": "Aquifer.png", "url": "https://minecraft.wiki/w/File:Aquifer.png", "type": "Default"}]
  },
  {
    "word": "Azalea Tree",
    "standardized": "Azalea Tree",
    "chinese": "杜鹃树",
    "phonetic": "/əˈzeɪliə tri/",
    "phrase": "lush cave azalea tree",
    "phraseTranslation": "繁茂洞穴杜鹃树",
    "difficulty": "advanced",
    "category": "environment",
    "imageURLs": [{"filename": "Azalea_Tree.png", "url": "https://minecraft.wiki/w/File:Azalea_Tree.png", "type": "Default"}]
  },
  {
    "word": "Basalt Column",
    "standardized": "Basalt Column",
    "chinese": "玄武岩石柱林",
    "phonetic": "/bəˈsɔlt ˈkɑləm/",
    "phrase": "basalt delta columns",
    "phraseTranslation": "玄武岩三角洲石柱",
    "difficulty": "advanced",
    "category": "environment",
    "imageURLs": [{"filename": "Basalt_Columns.png", "url": "https://minecraft.wiki/w/File:Basalt_Columns.png", "type": "Default"}]
  },
  {
    "word": "Basalt Pillar",
    "standardized": "Basalt Pillar",
    "chinese": "玄武岩柱",
    "phonetic": "/bəˈsɔlt ˈpɪlər/",
    "phrase": "natural basalt pillar",
    "phraseTranslation": "天然玄武岩柱",
    "difficulty": "advanced",
    "category": "environment",
    "imageURLs": [{"filename": "Basalt_Pillar.png", "url": "https://minecraft.wiki/w/File:Basalt_Pillar.png", "type": "Default"}]
  },
  {
    "word": "Bastion Remnant",
    "standardized": "Bastion Remnant",
    "chinese": "堡垒遗迹",
    "phonetic": "/ˈbæstʃən ˈrɛmnənt/",
    "phrase": "nether bastion remnant",
    "phraseTranslation": "下界堡垒遗迹",
    "difficulty": "advanced",
    "category": "environment",
    "imageURLs": [{"filename": "Bastion_Remnant.png", "url": "https://minecraft.wiki/w/File:Bastion_Remnant.png", "type": "Default"}]
  },
  {
    "word": "Beacon Pyramid",
    "standardized": "Beacon Pyramid",
    "chinese": "信标金字塔",
    "phonetic": "/ˈbikən ˈpɪrəmɪd/",
    "phrase": "beacon power pyramid",
    "phraseTranslation": "信标能量金字塔",
    "difficulty": "advanced",
    "category": "environment",
    "imageURLs": [{"filename": "Beacon_Pyramid.png", "url": "https://minecraft.wiki/w/File:Beacon_Pyramid.png", "type": "Default"}]
  },
  {
    "word": "Biomes",
    "standardized": "Biomes",
    "chinese": "生物群系",
    "phonetic": "/ˈbaɪoʊmz/",
    "phrase": "world generation biomes",
    "phraseTranslation": "世界生成生物群系",
    "difficulty": "intermediate",
    "category": "environment",
    "imageURLs": [{"filename": "Biomes.png", "url": "https://minecraft.wiki/w/File:Biomes.png", "type": "Default"}]
  },
  {
    "word": "Birch Tree",
    "standardized": "Birch Tree",
    "chinese": "白桦树",
    "phonetic": "/bɜrtʃ tri/",
    "phrase": "birch forest tree",
    "phraseTranslation": "桦木森林树木",
    "difficulty": "basic",
    "category": "environment",
    "imageURLs": [{"filename": "Birch_Tree.png", "url": "https://minecraft.wiki/w/File:Birch_Tree.png", "type": "Default"}]
  },
  {
    "word": "Blocks",
    "standardized": "Blocks",
    "chinese": "方块",
    "phonetic": "/blɑks/",
    "phrase": "building blocks materials",
    "phraseTranslation": "建筑方块材料",
    "difficulty": "basic",
    "category": "environment",
    "imageURLs": [{"filename": "Blocks.png", "url": "https://minecraft.wiki/w/File:Blocks.png", "type": "Default"}]
  },
  {
    "word": "Bonus Chest",
    "standardized": "Bonus Chest",
    "chinese": "奖励箱",
    "phonetic": "/ˈboʊnəs tʃɛst/",
    "phrase": "world spawn bonus chest",
    "phraseTranslation": "世界出生奖励箱",
    "difficulty": "basic",
    "category": "environment",
    "imageURLs": [{"filename": "Bonus_Chest.png", "url": "https://minecraft.wiki/w/File:Bonus_Chest.png", "type": "Default"}]
  },
  {
    "word": "Brick Pyramid",
    "standardized": "Brick Pyramid",
    "chinese": "红砖块金字塔",
    "phonetic": "/brɪk ˈpɪrəmɪd/",
    "phrase": "brick block pyramid",
    "phraseTranslation": "红砖块金字塔",
    "difficulty": "intermediate",
    "category": "environment",
    "imageURLs": [{"filename": "Brick_Pyramid.png", "url": "https://minecraft.wiki/w/File:Brick_Pyramid.png", "type": "Default"}]
  },
  {
    "word": "Bryce Pillar",
    "standardized": "Bryce Pillar",
    "chinese": "岩柱",
    "phonetic": "/braɪs ˈpɪlər/",
    "phrase": "badlands bryce pillars",
    "phraseTranslation": "恶地岩柱",
    "difficulty": "advanced",
    "category": "environment",
    "imageURLs": [{"filename": "Bryce_Pillars.png", "url": "https://minecraft.wiki/w/File:Bryce_Pillars.png", "type": "Default"}]
  },
  {
    "word": "Buffet Mode",
    "standardized": "Buffet Mode",
    "chinese": "自选世界类型",
    "phonetic": "/bəˈfeɪ moʊd/",
    "phrase": "custom buffet world",
    "phraseTranslation": "自定义自选世界",
    "difficulty": "advanced",
    "category": "environment",
    "imageURLs": [{"filename": "Buffet_Mode.png", "url": "https://minecraft.wiki/w/File:Buffet_Mode.png", "type": "Default"}]
  },
  {
    "word": "Buried Treasure",
    "standardized": "Buried Treasure",
    "chinese": "埋藏的宝藏",
    "phonetic": "/ˈbɛrid ˈtrɛʒər/",
    "phrase": "beach buried treasure",
    "phraseTranslation": "海滩埋藏宝藏",
    "difficulty": "intermediate",
    "category": "environment",
    "imageURLs": [{"filename": "Buried_Treasure.png", "url": "https://minecraft.wiki/w/File:Buried_Treasure.png", "type": "Default"}]
  },
  {
    "word": "Canyon",
    "standardized": "Canyon",
    "chinese": "峡谷",
    "phonetic": "/ˈkænjən/",
    "phrase": "underground canyon ravine",
    "phraseTranslation": "地下峡谷深渊",
    "difficulty": "intermediate",
    "category": "environment",
    "imageURLs": [{"filename": "Canyon.png", "url": "https://minecraft.wiki/w/File:Canyon.png", "type": "Default"}]
  },
  {
    "word": "Cave",
    "standardized": "Cave",
    "chinese": "洞穴",
    "phonetic": "/keɪv/",
    "phrase": "underground cave system",
    "phraseTranslation": "地下洞穴系统",
    "difficulty": "basic",
    "category": "environment",
    "imageURLs": [{"filename": "Cave.png", "url": "https://minecraft.wiki/w/File:Cave.png", "type": "Default"}]
  },
  {
    "word": "Cherry Blossom Tree",
    "standardized": "Cherry Blossom Tree",
    "chinese": "樱花树",
    "phonetic": "/ˈtʃɛri ˈblɑsəm tri/",
    "phrase": "cherry grove blossom tree",
    "phraseTranslation": "樱花树林樱花树",
    "difficulty": "intermediate",
    "category": "environment",
    "imageURLs": [{"filename": "Cherry_Tree.png", "url": "https://minecraft.wiki/w/File:Cherry_Tree.png", "type": "Default"}]
  },
  {
    "word": "Chorus Tree",
    "standardized": "Chorus Tree",
    "chinese": "紫颂树",
    "phonetic": "/ˈkɔrəs tri/",
    "phrase": "end dimension chorus tree",
    "phraseTranslation": "末地维度紫颂树",
    "difficulty": "advanced",
    "category": "environment",
    "imageURLs": [{"filename": "Chorus_Tree.png", "url": "https://minecraft.wiki/w/File:Chorus_Tree.png", "type": "Default"}]
  },
  {
    "word": "Chunks",
    "standardized": "Chunks",
    "chinese": "区块",
    "phonetic": "/tʃʌŋks/",
    "phrase": "world chunk loading",
    "phraseTranslation": "世界区块加载",
    "difficulty": "intermediate",
    "category": "environment",
    "imageURLs": [{"filename": "Chunks.png", "url": "https://minecraft.wiki/w/File:Chunks.png", "type": "Default"}]
  },
  {
    "word": "Cliff",
    "standardized": "Cliff",
    "chinese": "悬崖",
    "phonetic": "/klɪf/",
    "phrase": "mountain cliff face",
    "phraseTranslation": "山地悬崖面",
    "difficulty": "basic",
    "category": "environment",
    "imageURLs": [{"filename": "Cliff.png", "url": "https://minecraft.wiki/w/File:Cliff.png", "type": "Default"}]
  },
  {
    "word": "Clouds",
    "standardized": "Clouds",
    "chinese": "云",
    "phonetic": "/klaʊdz/",
    "phrase": "sky level clouds",
    "phraseTranslation": "天空层云朵",
    "difficulty": "basic",
    "category": "environment",
    "imageURLs": [{"filename": "Clouds.png", "url": "https://minecraft.wiki/w/File:Clouds.png", "type": "Default"}]
  },
  {
    "word": "Conduit Frame",
    "standardized": "Conduit Frame",
    "chinese": "潮涌核心框架",
    "phonetic": "/ˈkɑnduɪt freɪm/",
    "phrase": "underwater conduit frame",
    "phraseTranslation": "水下潮涌核心框架",
    "difficulty": "advanced",
    "category": "environment",
    "imageURLs": [{"filename": "Conduit_Frame.png", "url": "https://minecraft.wiki/w/File:Conduit_Frame.png", "type": "Default"}]
  },
  {
    "word": "Coral Reef",
    "standardized": "Coral Reef",
    "chinese": "珊瑚礁",
    "phonetic": "/ˈkɔrəl rif/",
    "phrase": "ocean coral reef",
    "phraseTranslation": "海洋珊瑚礁",
    "difficulty": "intermediate",
    "category": "environment",
    "imageURLs": [{"filename": "Coral_Reef.png", "url": "https://minecraft.wiki/w/File:Coral_Reef.png", "type": "Default"}]
  },
  {
    "word": "Custom",
    "standardized": "Custom",
    "chinese": "自定义",
    "phonetic": "/ˈkʌstəm/",
    "phrase": "custom world generation",
    "phraseTranslation": "自定义世界生成",
    "difficulty": "intermediate",
    "category": "environment",
    "imageURLs": [{"filename": "Custom.png", "url": "https://minecraft.wiki/w/File:Custom.png", "type": "Default"}]
  },
  {
    "word": "Dark Oak Tree",
    "standardized": "Dark Oak Tree",
    "chinese": "深色橡树",
    "phonetic": "/dɑrk oʊk tri/",
    "phrase": "dark forest oak tree",
    "phraseTranslation": "黑森林橡树",
    "difficulty": "intermediate",
    "category": "environment",
    "imageURLs": [{"filename": "Dark_Oak_Tree.png", "url": "https://minecraft.wiki/w/File:Dark_Oak_Tree.png", "type": "Default"}]
  },
  {
    "word": "Daylight Cycle",
    "standardized": "Daylight Cycle",
    "chinese": "昼夜更替",
    "phonetic": "/ˈdeɪlaɪt ˈsaɪkəl/",
    "phrase": "day night cycle time",
    "phraseTranslation": "昼夜循环时间",
    "difficulty": "basic",
    "category": "environment",
    "imageURLs": [{"filename": "Daylight_Cycle.png", "url": "https://minecraft.wiki/w/File:Daylight_Cycle.png", "type": "Default"}]
  },
  {
    "word": "Debug Mode",
    "standardized": "Debug Mode",
    "chinese": "调试模式",
    "phonetic": "/ˈdibʌɡ moʊd/",
    "phrase": "world debug mode",
    "phraseTranslation": "世界调试模式",
    "difficulty": "advanced",
    "category": "environment",
    "imageURLs": [{"filename": "Debug_Mode.png", "url": "https://minecraft.wiki/w/File:Debug_Mode.png", "type": "Default"}]
  },
  {
    "word": "Default",
    "standardized": "Default",
    "chinese": "默认",
    "phonetic": "/dɪˈfɔlt/",
    "phrase": "default world settings",
    "phraseTranslation": "默认世界设置",
    "difficulty": "basic",
    "category": "environment",
    "imageURLs": [{"filename": "Default.png", "url": "https://minecraft.wiki/w/File:Default.png", "type": "Default"}]
  },
  {
    "word": "Delta",
    "standardized": "Delta",
    "chinese": "三角洲",
    "phonetic": "/ˈdɛltə/",
    "phrase": "basalt delta formation",
    "phraseTranslation": "玄武岩三角洲地形",
    "difficulty": "advanced",
    "category": "environment",
    "imageURLs": [{"filename": "Delta.png", "url": "https://minecraft.wiki/w/File:Delta.png", "type": "Default"}]
  },
  {
    "word": "Desert Pyramid",
    "standardized": "Desert Pyramid",
    "chinese": "沙漠神殿",
    "phonetic": "/ˈdɛzərt ˈpɪrəmɪd/",
    "phrase": "desert temple pyramid",
    "phraseTranslation": "沙漠神庙金字塔",
    "difficulty": "intermediate",
    "category": "environment",
    "imageURLs": [{"filename": "Desert_Pyramid.png", "url":