[
  {
    "word": "Protection",
    "standardized": "Protection",
    "chinese": "保护",
    "phonetic": "/prəˈtɛkʃən/",
    "phrase": "protection enchantment",
    "phraseTranslation": "保护魔咒",
    "difficulty": "basic",
    "category": "enchantment_armor",
    "imageURLs": [
      {
        "filename": "Enchanted_Book.png",
        "url": "https://minecraft.wiki/w/File:Enchanted_Book.png",
        "type": "Enchantment Icon"
      }
    ]
  },
  {
    "word": "Fire Protection",
    "standardized": "Fire Protection",
    "chinese": "火焰保护",
    "phonetic": "/ˈfaɪər prəˈtɛkʃən/",
    "phrase": "fire protection armor",
    "phraseTranslation": "火焰保护盔甲",
    "difficulty": "intermediate",
    "category": "enchantment_armor",
    "imageURLs": [
      {
        "filename": "Enchanted_Book.png",
        "url": "https://minecraft.wiki/w/File:Enchanted_Book.png",
        "type": "Enchantment Icon"
      }
    ]
  },
  {
    "word": "Feather Falling",
    "standardized": "Feather Falling",
    "chinese": "摔落保护",
    "phonetic": "/ˈfɛðər ˈfɔlɪŋ/",
    "phrase": "feather falling boots",
    "phraseTranslation": "摔落保护靴子",
    "difficulty": "intermediate",
    "category": "enchantment_armor",
    "imageURLs": [
      {
        "filename": "Enchanted_Book.png",
        "url": "https://minecraft.wiki/w/File:Enchanted_Book.png",
        "type": "Enchantment Icon"
      }
    ]
  },
  {
    "word": "Blast Protection",
    "standardized": "Blast Protection",
    "chinese": "爆炸保护",
    "phonetic": "/blæst prəˈtɛkʃən/",
    "phrase": "blast protection chestplate",
    "phraseTranslation": "爆炸保护胸甲",
    "difficulty": "intermediate",
    "category": "enchantment_armor",
    "imageURLs": [
      {
        "filename": "Enchanted_Book.png",
        "url": "https://minecraft.wiki/w/File:Enchanted_Book.png",
        "type": "Enchantment Icon"
      }
    ]
  },
  {
    "word": "Projectile Protection",
    "standardized": "Projectile Protection",
    "chinese": "弹射物保护",
    "phonetic": "/prəˈdʒɛktaɪl prəˈtɛkʃən/",
    "phrase": "projectile protection helmet",
    "phraseTranslation": "弹射物保护头盔",
    "difficulty": "intermediate",
    "category": "enchantment_armor",
    "imageURLs": [
      {
        "filename": "Enchanted_Book.png",
        "url": "https://minecraft.wiki/w/File:Enchanted_Book.png",
        "type": "Enchantment Icon"
      }
    ]
  },
  {
    "word": "Respiration",
    "standardized": "Respiration",
    "chinese": "水下呼吸",
    "phonetic": "/ˌrɛspəˈreɪʃən/",
    "phrase": "respiration helmet",
    "phraseTranslation": "水下呼吸头盔",
    "difficulty": "intermediate",
    "category": "enchantment_armor",
    "imageURLs": [
      {
        "filename": "Enchanted_Book.png",
        "url": "https://minecraft.wiki/w/File:Enchanted_Book.png",
        "type": "Enchantment Icon"
      }
    ]
  },
  {
    "word": "Aqua Affinity",
    "standardized": "Aqua Affinity",
    "chinese": "水下速掘",
    "phonetic": "/ˈækwə əˈfɪnəti/",
    "phrase": "aqua affinity helmet",
    "phraseTranslation": "水下速掘头盔",
    "difficulty": "intermediate",
    "category": "enchantment_armor",
    "imageURLs": [
      {
        "filename": "Enchanted_Book.png",
        "url": "https://minecraft.wiki/w/File:Enchanted_Book.png",
        "type": "Enchantment Icon"
      }
    ]
  },
  {
    "word": "Thorns",
    "standardized": "Thorns",
    "chinese": "荆棘",
    "phonetic": "/θɔrnz/",
    "phrase": "thorns armor",
    "phraseTranslation": "荆棘盔甲",
    "difficulty": "advanced",
    "category": "enchantment_armor",
    "imageURLs": [
      {
        "filename": "Enchanted_Book.png",
        "url": "https://minecraft.wiki/w/File:Enchanted_Book.png",
        "type": "Enchantment Icon"
      }
    ]
  },
  {
    "word": "Depth Strider",
    "standardized": "Depth Strider",
    "chinese": "深海探索者",
    "phonetic": "/dɛpθ ˈstraɪdər/",
    "phrase": "depth strider boots",
    "phraseTranslation": "深海探索者靴子",
    "difficulty": "advanced",
    "category": "enchantment_armor",
    "imageURLs": [
      {
        "filename": "Enchanted_Book.png",
        "url": "https://minecraft.wiki/w/File:Enchanted_Book.png",
        "type": "Enchantment Icon"
      }
    ]
  },
  {
    "word": "Frost Walker",
    "standardized": "Frost Walker",
    "chinese": "冰霜行者",
    "phonetic": "/frɔst ˈwɔkər/",
    "phrase": "frost walker boots",
    "phraseTranslation": "冰霜行者靴子",
    "difficulty": "advanced",
    "category": "enchantment_armor",
    "imageURLs": [
      {
        "filename": "Enchanted_Book.png",
        "url": "https://minecraft.wiki/w/File:Enchanted_Book.png",
        "type": "Enchantment Icon"
      }
    ]
  },
  {
    "word": "Soul Speed",
    "standardized": "Soul Speed",
    "chinese": "灵魂疾行",
    "phonetic": "/soʊl spid/",
    "phrase": "soul speed boots",
    "phraseTranslation": "灵魂疾行靴子",
    "difficulty": "advanced",
    "category": "enchantment_armor",
    "imageURLs": [
      {
        "filename": "Enchanted_Book.png",
        "url": "https://minecraft.wiki/w/File:Enchanted_Book.png",
        "type": "Enchantment Icon"
      }
    ]
  },
  {
    "word": "Swift Sneak",
    "standardized": "Swift Sneak",
    "chinese": "迅捷潜行",
    "phonetic": "/swɪft snik/",
    "phrase": "swift sneak leggings",
    "phraseTranslation": "迅捷潜行护腿",
    "difficulty": "advanced",
    "category": "enchantment_armor",
    "imageURLs": [
      {
        "filename": "Enchanted_Book.png",
        "url": "https://minecraft.wiki/w/File:Enchanted_Book.png",
        "type": "Enchantment Icon"
      }
    ]
  },
  {
    "word": "Sharpness",
    "standardized": "Sharpness",
    "chinese": "锋利",
    "phonetic": "/ˈʃɑrpnəs/",
    "phrase": "sharpness sword",
    "phraseTranslation": "锋利剑",
    "difficulty": "basic",
    "category": "enchantment_weapon",
    "imageURLs": [
      {
        "filename": "Enchanted_Book.png",
        "url": "https://minecraft.wiki/w/File:Enchanted_Book.png",
        "type": "Enchantment Icon"
      }
    ]
  },
  {
    "word": "Smite",
    "standardized": "Smite",
    "chinese": "亡灵杀手",
    "phonetic": "/smaɪt/",
    "phrase": "smite sword",
    "phraseTranslation": "亡灵杀手剑",
    "difficulty": "intermediate",
    "category": "enchantment_weapon",
    "imageURLs": [
      {
        "filename": "Enchanted_Book.png",
        "url": "https://minecraft.wiki/w/File:Enchanted_Book.png",
        "type": "Enchantment Icon"
      }
    ]
  },
  {
    "word": "Bane of Arthropods",
    "standardized": "Bane of Arthropods",
    "chinese": "节肢杀手",
    "phonetic": "/beɪn ʌv ˈɑrθrəˌpɑdz/",
    "phrase": "bane of arthropods sword",
    "phraseTranslation": "节肢杀手剑",
    "difficulty": "intermediate",
    "category": "enchantment_weapon",
    "imageURLs": [
      {
        "filename": "Enchanted_Book.png",
        "url": "https://minecraft.wiki/w/File:Enchanted_Book.png",
        "type": "Enchantment Icon"
      }
    ]
  },
  {
    "word": "Knockback",
    "standardized": "Knockback",
    "chinese": "击退",
    "phonetic": "/ˈnɑkˌbæk/",
    "phrase": "knockback sword",
    "phraseTranslation": "击退剑",
    "difficulty": "basic",
    "category": "enchantment_weapon",
    "imageURLs": [
      {
        "filename": "Enchanted_Book.png",
        "url": "https://minecraft.wiki/w/File:Enchanted_Book.png",
        "type": "Enchantment Icon"
      }
    ]
  },
  {
    "word": "Fire Aspect",
    "standardized": "Fire Aspect",
    "chinese": "火焰附加",
    "phonetic": "/ˈfaɪər ˈæspɛkt/",
    "phrase": "fire aspect sword",
    "phraseTranslation": "火焰附加剑",
    "difficulty": "intermediate",
    "category": "enchantment_weapon",
    "imageURLs": [
      {
        "filename": "Enchanted_Book.png",
        "url": "https://minecraft.wiki/w/File:Enchanted_Book.png",
        "type": "Enchantment Icon"
      }
    ]
  },
  {
    "word": "Looting",
    "standardized": "Looting",
    "chinese": "抢夺",
    "phonetic": "/ˈlutɪŋ/",
    "phrase": "looting sword",
    "phraseTranslation": "抢夺剑",
    "difficulty": "intermediate",
    "category": "enchantment_weapon",
    "imageURLs": [
      {
        "filename": "Enchanted_Book.png",
        "url": "https://minecraft.wiki/w/File:Enchanted_Book.png",
        "type": "Enchantment Icon"
      }
    ]
  },
  {
    "word": "Sweeping Edge",
    "standardized": "Sweeping Edge",
    "chinese": "横扫之刃",
    "phonetic": "/ˈswipɪŋ ɛdʒ/",
    "phrase": "sweeping edge sword",
    "phraseTranslation": "横扫之刃剑",
    "difficulty": "advanced",
    "category": "enchantment_weapon",
    "imageURLs": [
      {
        "filename": "Enchanted_Book.png",
        "url": "https://minecraft.wiki/w/File:Enchanted_Book.png",
        "type": "Enchantment Icon"
      }
    ]
  },
  {
    "word": "Efficiency",
    "standardized": "Efficiency",
    "chinese": "效率",
    "phonetic": "/ɪˈfɪʃənsi/",
    "phrase": "efficiency pickaxe",
    "phraseTranslation": "效率镐",
    "difficulty": "basic",
    "category": "enchantment_tool",
    "imageURLs": [
      {
        "filename": "Enchanted_Book.png",
        "url": "https://minecraft.wiki/w/File:Enchanted_Book.png",
        "type": "Enchantment Icon"
      }
    ]
  },
  {
    "word": "Silk Touch",
    "standardized": "Silk Touch",
    "chinese": "精准采集",
    "phonetic": "/sɪlk tʌtʃ/",
    "phrase": "silk touch pickaxe",
    "phraseTranslation": "精准采集镐",
    "difficulty": "advanced",
    "category": "enchantment_tool",
    "imageURLs": [
      {
        "filename": "Enchanted_Book.png",
        "url": "https://minecraft.wiki/w/File:Enchanted_Book.png",
        "type": "Enchantment Icon"
      }
    ]
  },
  {
    "word": "Unbreaking",
    "standardized": "Unbreaking",
    "chinese": "耐久",
    "phonetic": "/ʌnˈbreɪkɪŋ/",
    "phrase": "unbreaking tool",
    "phraseTranslation": "耐久工具",
    "difficulty": "basic",
    "category": "enchantment_universal",
    "imageURLs": [
      {
        "filename": "Enchanted_Book.png",
        "url": "https://minecraft.wiki/w/File:Enchanted_Book.png",
        "type": "Enchantment Icon"
      }
    ]
  },
  {
    "word": "Fortune",
    "standardized": "Fortune",
    "chinese": "时运",
    "phonetic": "/ˈfɔrtʃən/",
    "phrase": "fortune pickaxe",
    "phraseTranslation": "时运镐",
    "difficulty": "advanced",
    "category": "enchantment_tool",
    "imageURLs": [
      {
        "filename": "Enchanted_Book.png",
        "url": "https://minecraft.wiki/w/File:Enchanted_Book.png",
        "type": "Enchantment Icon"
      }
    ]
  },
  {
    "word": "Power",
    "standardized": "Power",
    "chinese": "力量",
    "phonetic": "/ˈpaʊər/",
    "phrase": "power bow",
    "phraseTranslation": "力量弓",
    "difficulty": "basic",
    "category": "enchantment_bow",
    "imageURLs": [
      {
        "filename": "Enchanted_Book.png",
        "url": "https://minecraft.wiki/w/File:Enchanted_Book.png",
        "type": "Enchantment Icon"
      }
    ]
  },
  {
    "word": "Punch",
    "standardized": "Punch",
    "chinese": "冲击",
    "phonetic": "/pʌntʃ/",
    "phrase": "punch bow",
    "phraseTranslation": "冲击弓",
    "difficulty": "basic",
    "category": "enchantment_bow",
    "imageURLs": [
      {
        "filename": "Enchanted_Book.png",
        "url": "https://minecraft.wiki/w/File:Enchanted_Book.png",
        "type": "Enchantment Icon"
      }
    ]
  },
  {
    "word": "Flame",
    "standardized": "Flame",
    "chinese": "火矢",
    "phonetic": "/fleɪm/",
    "phrase": "flame bow",
    "phraseTranslation": "火矢弓",
    "difficulty": "intermediate",
    "category": "enchantment_bow",
    "imageURLs": [
      {
        "filename": "Enchanted_Book.png",
        "url": "https://minecraft.wiki/w/File:Enchanted_Book.png",
        "type": "Enchantment Icon"
      }
    ]
  },
  {
    "word": "Infinity",
    "standardized": "Infinity",
    "chinese": "无限",
    "phonetic": "/ɪnˈfɪnəti/",
    "phrase": "infinity bow",
    "phraseTranslation": "无限弓",
    "difficulty": "advanced",
    "category": "enchantment_bow",
    "imageURLs": [
      {
        "filename": "Enchanted_Book.png",
        "url": "https://minecraft.wiki/w/File:Enchanted_Book.png",
        "type": "Enchantment Icon"
      }
    ]
  },
  {
    "word": "Loyalty",
    "standardized": "Loyalty",
    "chinese": "忠诚",
    "phonetic": "/ˈlɔɪəlti/",
    "phrase": "loyalty trident",
    "phraseTranslation": "忠诚三叉戟",
    "difficulty": "intermediate",
    "category": "enchantment_trident",
    "imageURLs": [
      {
        "filename": "Enchanted_Book.png",
        "url": "https://minecraft.wiki/w/File:Enchanted_Book.png",
        "type": "Enchantment Icon"
      }
    ]
  },
  {
    "word": "Impaling",
    "standardized": "Impaling",
    "chinese": "穿刺",
    "phonetic": "/ɪmˈpeɪlɪŋ/",
    "phrase": "impaling trident",
    "phraseTranslation": "穿刺三叉戟",
    "difficulty": "intermediate",
    "category": "enchantment_trident",
    "imageURLs": [
      {
        "filename": "Enchanted_Book.png",
        "url": "https://minecraft.wiki/w/File:Enchanted_Book.png",
        "type": "Enchantment Icon"
      }
    ]
  },
  {
    "word": "Riptide",
    "standardized": "Riptide",
    "chinese": "激流",
    "phonetic": "/ˈrɪpˌtaɪd/",
    "phrase": "riptide trident",
    "phraseTranslation": "激流三叉戟",
    "difficulty": "advanced",
    "category": "enchantment_trident",
    "imageURLs": [
      {
        "filename": "Enchanted_Book.png",
        "url": "https://minecraft.wiki/w/File:Enchanted_Book.png",
        "type": "Enchantment Icon"
      }
    ]
  },
  {
    "word": "Channeling",
    "standardized": "Channeling",
    "chinese": "引雷",
    "phonetic": "/ˈtʃænəlɪŋ/",
    "phrase": "channeling trident",
    "phraseTranslation": "引雷三叉戟",
    "difficulty": "advanced",
    "category": "enchantment_trident",
    "imageURLs": [
      {
        "filename": "Enchanted_Book.png",
        "url": "https://minecraft.wiki/w/File:Enchanted_Book.png",
        "type": "Enchantment Icon"
      }
    ]
  },
  {
    "word": "Multishot",
    "standardized": "Multishot",
    "chinese": "多重射击",
    "phonetic": "/ˈmʌltiˌʃɑt/",
    "phrase": "multishot crossbow",
    "phraseTranslation": "多重射击弩",
    "difficulty": "intermediate",
    "category": "enchantment_crossbow",
    "imageURLs": [
      {
        "filename": "Enchanted_Book.png",
        "url": "https://minecraft.wiki/w/File:Enchanted_Book.png",
        "type": "Enchantment Icon"
      }
    ]
  },
  {
    "word": "Quick Charge",
    "standardized": "Quick Charge",
    "chinese": "快速装填",
    "phonetic": "/kwɪk tʃɑrdʒ/",
    "phrase": "quick charge crossbow",
    "phraseTranslation": "快速装填弩",
    "difficulty": "intermediate",
    "category": "enchantment_crossbow",
    "imageURLs": [
      {
        "filename": "Enchanted_Book.png",
        "url": "https://minecraft.wiki/w/File:Enchanted_Book.png",
        "type": "Enchantment Icon"
      }
    ]
  },
  {
    "word": "Piercing",
    "standardized": "Piercing",
    "chinese": "穿透",
    "phonetic": "/ˈpɪrsɪŋ/",
    "phrase": "piercing crossbow",
    "phraseTranslation": "穿透弩",
    "difficulty": "advanced",
    "category": "enchantment_crossbow",
    "imageURLs": [
      {
        "filename": "Enchanted_Book.png",
        "url": "https://minecraft.wiki/w/File:Enchanted_Book.png",
        "type": "Enchantment Icon"
      }
    ]
  },
  {
    "word": "Mending",
    "standardized": "Mending",
    "chinese": "经验修补",
    "phonetic": "/ˈmɛndɪŋ/",
    "phrase": "mending tool",
    "phraseTranslation": "经验修补工具",
    "difficulty": "advanced",
    "category": "enchantment_universal",
    "imageURLs": [
      {
        "filename": "Enchanted_Book.png",
        "url": "https://minecraft.wiki/w/File:Enchanted_Book.png",
        "type": "Enchantment Icon"
      }
    ]
  },
  {
    "word": "Curse of Binding",
    "standardized": "Curse of Binding",
    "chinese": "绑定诅咒",
    "phonetic": "/kɜrs ʌv ˈbaɪndɪŋ/",
    "phrase": "curse of binding armor",
    "phraseTranslation": "绑定诅咒盔甲",
    "difficulty": "expert",
    "category": "enchantment_curse",
    "imageURLs": [
      {
        "filename": "Enchanted_Book.png",
        "url": "https://minecraft.wiki/w/File:Enchanted_Book.png",
        "type": "Enchantment Icon"
      }
    ]
  },
  {
    "word": "Curse of Vanishing",
    "standardized": "Curse of Vanishing",
    "chinese": "消失诅咒",
    "phonetic": "/kɜrs ʌv ˈvænɪʃɪŋ/",
    "phrase": "curse of vanishing item",
    "phraseTranslation": "消失诅咒物品",
    "difficulty": "expert",
    "category": "enchantment_curse",
    "imageURLs": [
      {
        "filename": "Enchanted_Book.png",
        "url": "https://minecraft.wiki/w/File:Enchanted_Book.png",
        "type": "Enchantment Icon"
      }
    ]
  },
  {
    "word": "Luck of the Sea",
    "standardized": "Luck of the Sea",
    "chinese": "海之眷顾",
    "phonetic": "/lʌk ʌv ði si/",
    "phrase": "luck of the sea fishing rod",
    "phraseTranslation": "海之眷顾钓鱼竿",
    "difficulty": "intermediate",
    "category": "enchantment_fishing",
    "imageURLs": [
      {
        "filename": "Enchanted_Book.png",
        "url": "https://minecraft.wiki/w/File:Enchanted_Book.png",
        "type": "Enchantment Icon"
      }
    ]
  },
  {
    "word": "Lure",
    "standardized": "Lure",
    "chinese": "饵钓",
    "phonetic": "/lʊr/",
    "phrase": "lure fishing rod",
    "phraseTranslation": "饵钓钓鱼竿",
    "difficulty": "basic",
    "category": "enchantment_fishing",
    "imageURLs": [
      {
        "filename": "Enchanted_Book.png",
        "url": "https://minecraft.wiki/w/File:Enchanted_Book.png",
        "type": "Enchantment Icon"
      }
    ]
  },
  {
    "word": "Density",
    "standardized": "Density",
    "chinese": "沉重",
    "phonetic": "/ˈdɛnsəti/",
    "phrase": "density mace",
    "phraseTranslation": "沉重钉锤",
    "difficulty": "advanced",
    "category": "enchantment_mace",
    "imageURLs": [
      {
        "filename": "Enchanted_Book.png",
        "url": "https://minecraft.wiki/w/File:Enchanted_Book.png",
        "type": "Enchantment Icon"
      }
    ]
  },
  {
    "word": "Breach",
    "standardized": "Breach",
    "chinese": "破甲",
    "phonetic": "/britʃ/",
    "phrase": "breach mace",
    "phraseTranslation": "破甲钉锤",
    "difficulty": "advanced",
    "category": "enchantment_mace",
    "imageURLs": [
      {
        "filename": "Enchanted_Book.png",
        "url": "https://minecraft.wiki/w/File:Enchanted_Book.png",
        "type": "Enchantment Icon"
      }
    ]
  },
  {
    "word": "Wind Burst",
    "standardized": "Wind Burst",
    "chinese": "风爆",
    "phonetic": "/wɪnd bɜrst/",
    "phrase": "wind burst mace",
    "phraseTranslation": "风爆钉锤",
    "difficulty": "advanced",
    "category": "enchantment_mace",
    "imageURLs": [
      {
        "filename": "Enchanted_Book.png",
        "url": "https://minecraft.wiki/w/File:Enchanted_Book.png",
        "type": "Enchantment Icon"
      }
    ]
  },
  {
    "word": "Binding",
    "standardized": "Binding",
    "chinese": "绑定诅咒",
    "phonetic": "/ˈbaɪndɪŋ/",
    "phrase": "binding curse",
    "phraseTranslation": "绑定诅咒",
    "difficulty": "expert",
    "category": "enchantment_curse",
    "imageURLs": [
      {
        "filename": "Enchanted_Book.png",
        "url": "https://minecraft.wiki/w/File:Enchanted_Book.png",
        "type": "Enchantment Icon"
      }
    ]
  },
  {
    "word": "Vanishing",
    "standardized": "Vanishing",
    "chinese": "消失诅咒",
    "phonetic": "/ˈvænɪʃɪŋ/",
    "phrase": "vanishing curse",
    "phraseTranslation": "消失诅咒",
    "difficulty": "expert",
    "category": "enchantment_curse",
    "imageURLs": [
      {
        "filename": "Enchanted_Book.png",
        "url": "https://minecraft.wiki/w/File:Enchanted_Book.png",
        "type": "Enchantment Icon"
      }
    ]
  },
  {
    "word": "Bane of Arthropods",
    "standardized": "Bane of Arthropods",
    "chinese": "节肢杀手",
    "phonetic": "/beɪn ʌv ˈɑrθrəˌpɑdz/",
    "phrase": "arthropod killer enchantment",
    "phraseTranslation": "节肢动物杀手魔咒",
    "difficulty": "intermediate",
    "category": "enchantment_weapon",
    "imageURLs": [
      {
        "filename": "Enchanted_Book.png",
        "url": "https://minecraft.wiki/w/File:Enchanted_Book.png",
        "type": "Enchantment Icon"
      }
    ]
  },
  {
    "word": "Sharpness",
    "standardized": "Sharpness",
    "chinese": "锋利",
    "phonetic": "/ˈʃɑrpnəs/",
    "phrase": "sharp weapon damage",
    "phraseTranslation": "锋利武器伤害",
    "difficulty": "basic",
    "category": "enchantment_weapon",
    "imageURLs": [
      {
        "filename": "Enchanted_Book.png",
        "url": "https://minecraft.wiki/w/File:Enchanted_Book.png",
        "type": "Enchantment Icon"
      }
    ]
  },
  {
    "word": "Fortune",
    "standardized": "Fortune",
    "chinese": "时运",
    "phonetic": "/ˈfɔrtʃən/",
    "phrase": "fortune mining boost",
    "phraseTranslation": "时运挖掘加成",
    "difficulty": "advanced",
    "category": "enchantment_tool",
    "imageURLs": [
      {
        "filename": "Enchanted_Book.png",
        "url": "https://minecraft.wiki/w/File:Enchanted_Book.png",
        "type": "Enchantment Icon"
      }
    ]
  },
  {
    "word": "Silk Touch",
    "standardized": "Silk Touch",
    "chinese": "精准采集",
    "phonetic": "/sɪlk tʌtʃ/",
    "phrase": "silk touch mining",
    "phraseTranslation": "精准采集挖掘",
    "difficulty": "advanced",
    "category": "enchantment_tool",
    "imageURLs": [
      {
        "filename": "Enchanted_Book.png",
        "url": "https://minecraft.wiki/w/File:Enchanted_Book.png",
        "type": "Enchantment Icon"
      }
    ]
  },
  {
    "word": "Efficiency",
    "standardized": "Efficiency",
    "chinese": "效率",
    "phonetic": "/ɪˈfɪʃənsi/",
    "phrase": "efficient tool speed",
    "phraseTranslation": "高效工具速度",
    "difficulty": "basic",
    "category": "enchantment_tool",
    "imageURLs": [
      {
        "filename": "Enchanted_Book.png",
        "url": "https://minecraft.wiki/w/File:Enchanted_Book.png",
        "type": "Enchantment Icon"
      }
    ]
  },
  {
    "word": "Unbreaking",
    "standardized": "Unbreaking",
    "chinese": "耐久",
    "phonetic": "/ʌnˈbreɪkɪŋ/",
    "phrase": "durable item enchantment",
    "phraseTranslation": "耐用物品魔咒",
    "difficulty": "basic",
    "category": "enchantment_universal",
    "imageURLs": [
      {
        "filename": "Enchanted_Book.png",
        "url": "https://minecraft.wiki/w/File:Enchanted_Book.png",
        "type": "Enchantment Icon"
      }
    ]
  },
  {
    "word": "Mending",
    "standardized": "Mending",
    "chinese": "经验修补",
    "phonetic": "/ˈmɛndɪŋ/",
    "phrase": "experience repair enchantment",
    "phraseTranslation": "经验修复魔咒",
    "difficulty": "advanced",
    "category": "enchantment_universal",
    "imageURLs": [
      {
        "filename": "Enchanted_Book.png",
        "url": "https://minecraft.wiki/w/File:Enchanted_Book.png",
        "type": "Enchantment Icon"
      }
    ]
  },
  {
    "word": "Protection",
    "standardized": "Protection",
    "chinese": "保护",
    "phonetic": "/prəˈtɛkʃən/",
    "phrase": "general damage protection",
    "phraseTranslation": "通用伤害保护",
    "difficulty": "basic",
    "category": "enchantment_armor",
    "imageURLs": [
      {
        "filename": "Enchanted_Book.png",
        "url": "https://minecraft.wiki/w/File:Enchanted_Book.png",
        "type": "Enchantment Icon"
      }
    ]
  },
  {
    "word": "Fire Protection",
    "standardized": "Fire Protection",
    "chinese": "火焰保护",
    "phonetic": "/ˈfaɪər prəˈtɛkʃən/",
    "phrase": "fire damage protection",
    "phraseTranslation": "火焰伤害保护",
    "difficulty": "intermediate",
    "category": "enchantment_armor",
    "imageURLs": [
      {
        "filename": "Enchanted_Book.png",
        "url": "https://minecraft.wiki/w/File:Enchanted_Book.png",
        "type": "Enchantment Icon"
      }
    ]
  },
  {
    "word": "Blast Protection",
    "standardized": "Blast Protection",
    "chinese": "爆炸保护",
    "phonetic": "/blæst prəˈtɛkʃən/",
    "phrase": "explosion damage protection",
    "phraseTranslation": "爆炸伤害保护",
    "difficulty": "intermediate",
    "category": "enchantment_armor",
    "imageURLs": [
      {
        "filename": "Enchanted_Book.png",
        "url": "https://minecraft.wiki/w/File:Enchanted_Book.png",
        "type": "Enchantment Icon"
      }
    ]
  },
  {
    "word": "Projectile Protection",
    "standardized": "Projectile Protection",
    "chinese": "弹射物保护",
    "phonetic": "/prəˈdʒɛktaɪl prəˈtɛkʃən/",
    "phrase": "arrow damage protection",
    "phraseTranslation": "箭矢伤害保护",
    "difficulty": "intermediate",
    "category": "enchantment_armor",
    "imageURLs": [
      {
        "filename": "Enchanted_Book.png",
        "url": "https://minecraft.wiki/w/File:Enchanted_Book.png",
        "type": "Enchantment Icon"
      }
    ]
  },
  {
    "word": "Respiration",
    "standardized": "Respiration",
    "chinese": "水下呼吸",
    "phonetic": "/ˌrɛspəˈreɪʃən/",
    "phrase": "underwater breathing helmet",
    "phraseTranslation": "水下呼吸头盔",
    "difficulty": "intermediate",
    "category": "enchantment_helmet",
    "imageURLs": [
      {
        "filename": "Enchanted_Book.png",
        "url": "https://minecraft.wiki/w/File:Enchanted_Book.png",
        "type": "Enchantment Icon"
      }
    ]
  },
  {
    "word": "Aqua Affinity",
    "standardized": "Aqua Affinity",
    "chinese": "水下速掘",
    "phonetic": "/ˈækwə əˈfɪnəti/",
    "phrase": "underwater mining speed",
    "phraseTranslation": "水下挖掘速度",
    "difficulty": "intermediate",
    "category": "enchantment_helmet",
    "imageURLs": [
      {
        "filename": "Enchanted_Book.png",
        "url": "https://minecraft.wiki/w/File:Enchanted_Book.png",
        "type": "Enchantment Icon"
      }
    ]
  },
  {
    "word": "Thorns",
    "standardized": "Thorns",
    "chinese": "荆棘",
    "phonetic": "/θɔrnz/",
    "phrase": "thorns damage reflection",
    "phraseTranslation": "荆棘伤害反射",
    "difficulty": "advanced",
    "category": "enchantment_armor",
    "imageURLs": [
      {
        "filename": "Enchanted_Book.png",
        "url": "https://minecraft.wiki/w/File:Enchanted_Book.png",
        "type": "Enchantment Icon"
      }
    ]
  },
  {
    "word": "Depth Strider",
    "standardized": "Depth Strider",
    "chinese": "深海探索者",
    "phonetic": "/dɛpθ ˈstraɪdər/",
    "phrase": "underwater movement speed",
    "phraseTranslation": "水下移动速度",
    "difficulty": "advanced",
    "category": "enchantment_boots",
    "imageURLs": [
      {
        "filename": "Enchanted_Book.png",
        "url": "https://minecraft.wiki/w/File:Enchanted_Book.png",
        "type": "Enchantment Icon"
      }
    ]
  },
  {
    "word": "Frost Walker",
    "standardized": "Frost Walker",
    "chinese": "冰霜行者",
    "phonetic": "/frɔst ˈwɔkər/",
    "phrase": "ice walking enchantment",
    "phraseTranslation": "冰上行走魔咒",
    "difficulty": "advanced",
    "category": "enchantment_boots",
    "imageURLs": [
      {
        "filename": "Enchanted_Book.png",
        "url": "https://minecraft.wiki/w/File:Enchanted_Book.png",
        "type": "Enchantment Icon"
      }
    ]
  },
  {
    "word": "Soul Speed",
    "standardized": "Soul Speed",
    "chinese": "灵魂疾行",
    "phonetic": "/soʊl spid/",
    "phrase": "soul sand movement speed",
    "phraseTranslation": "灵魂沙移动速度",
    "difficulty": "advanced",
    "category": "enchantment_boots",
    "imageURLs": [
      {
        "filename": "Enchanted_Book.png",
        "url": "https://minecraft.wiki/w/File:Enchanted_Book.png",
        "type": "Enchantment Icon"
      }
    ]
  },
  {
    "word": "Swift Sneak",
    "standardized": "Swift Sneak",
    "chinese": "迅捷潜行",
    "phonetic": "/swɪft snik/",
    "phrase": "fast sneaking movement",
    "phraseTranslation": "快速潜行移动",
    "difficulty": "advanced",
    "category": "enchantment_leggings",
    "imageURLs": [
      {
        "filename": "Enchanted_Book.png",
        "url": "https://minecraft.wiki/w/File:Enchanted_Book.png",
        "type": "Enchantment Icon"
      }
    ]
  },
  {
    "word": "Power",
    "standardized": "Power",
    "chinese": "力量",
    "phonetic": "/ˈpaʊər/",
    "phrase": "bow damage increase",
    "phraseTranslation": "弓箭伤害增加",
    "difficulty": "basic",
    "category": "enchantment_bow",
    "imageURLs": [
      {
        "filename": "Enchanted_Book.png",
        "url": "https://minecraft.wiki/w/File:Enchanted_Book.png",
        "type": "Enchantment Icon"
      }
    ]
  },
  {
    "word": "Punch",
    "standardized": "Punch",
    "chinese": "冲击",
    "phonetic": "/pʌntʃ/",
    "phrase": "arrow knockback effect",
    "phraseTranslation": "箭矢击退效果",
    "difficulty": "basic",
    "category": "enchantment_bow",
    "imageURLs": [
      {
        "filename": "Enchanted_Book.png",
        "url": "https://minecraft.wiki/w/File:Enchanted_Book.png",
        "type": "Enchantment Icon"
      }
    ]
  },
  {
    "word": "Flame",
    "standardized": "Flame",
    "chinese": "火矢",
    "phonetic": "/fleɪm/",
    "phrase": "flaming arrow enchantment",
    "phraseTranslation": "燃烧箭矢魔咒",
    "difficulty": "intermediate",
    "category": "enchantment_bow",
    "imageURLs": [
      {
        "filename": "Enchanted_Book.png",
        "url": "https://minecraft.wiki/w/File:Enchanted_Book.png",
        "type": "Enchantment Icon"
      }
    ]
  },
  {
    "word": "Infinity",
    "standardized": "Infinity",
    "chinese": "无限",
    "phonetic": "/ɪnˈfɪnəti/",
    "phrase": "infinite arrows enchantment",
    "phraseTranslation": "无限箭矢魔咒",
    "difficulty": "advanced",
    "category": "enchantment_bow",
    "imageURLs": [
      {
        "filename": "Enchanted_Book.png",
        "url": "https://minecraft.wiki/w/File:Enchanted_Book.png",
        "type": "Enchantment Icon"
      }
    ]
  },
  {
    "word": "Quick Charge",
    "standardized": "Quick Charge",
    "chinese": "快速装填",
    "phonetic": "/kwɪk tʃɑrdʒ/",
    "phrase": "crossbow reload speed",
    "phraseTranslation": "弩重新装填速度",
    "difficulty": "intermediate",
    "category": "enchantment_crossbow",
    "imageURLs": [
      {
        "filename": "Enchanted_Book.png",
        "url": "https://minecraft.wiki/w/File:Enchanted_Book.png",
        "type": "Enchantment Icon"
      }
    ]
  },
  {
    "word": "Multishot",
    "standardized": "Multishot",
    "chinese": "多重射击",
    "phonetic": "/ˈmʌltiˌʃɑt/",
    "phrase": "multiple arrows crossbow",
    "phraseTranslation": "多重箭矢弩",
    "difficulty": "intermediate",
    "category": "enchantment_crossbow",
    "imageURLs": [
      {
        "filename": "Enchanted_Book.png",
        "url": "https://minecraft.wiki/w/File:Enchanted_Book.png",
        "type": "Enchantment Icon"
      }
    ]
  },
  {
    "word": "Piercing",
    "standardized": "Piercing",
    "chinese": "穿透",
    "phonetic": "/ˈpɪrsɪŋ/",
    "phrase": "crossbow bolt piercing",
    "phraseTranslation": "弩箭穿透",
    "difficulty": "advanced",
    "category": "enchantment_crossbow",
    "imageURLs": [
      {
        "filename": "Enchanted_Book.png",
        "url": "https://minecraft.wiki/w/File:Enchanted_Book.png",
        "type": "Enchantment Icon"
      }
    ]
  },
  {
    "word": "Loyalty",
    "standardized": "Loyalty",
    "chinese": "忠诚",
    "phonetic": "/ˈlɔɪəlti/",
    "phrase": "trident returns to player",
    "phraseTranslation": "三叉戟返回玩家",
    "difficulty": "intermediate",
    "category": "enchantment_trident",
    "imageURLs": [
      {
        "filename": "Enchanted_Book.png",
        "url": "https://minecraft.wiki/w/File:Enchanted_Book.png",
        "type": "Enchantment Icon"
      }
    ]
  },
  {
    "word": "Impaling",
    "standardized": "Impaling",
    "chinese": "穿刺",
    "phonetic": "/ɪmˈpeɪlɪŋ/",
    "phrase": "trident aquatic damage",
    "phraseTranslation": "三叉戟水生生物伤害",
    "difficulty": "intermediate",
    "category": "enchantment_trident",
    "imageURLs": [
      {
        "filename": "Enchanted_Book.png",
        "url": "https://minecraft.wiki/w/File:Enchanted_Book.png",
        "type": "Enchantment Icon"
      }
    ]
  },
  {
    "word": "Riptide",
    "standardized": "Riptide",
    "chinese": "激流",
    "phonetic": "/ˈrɪpˌtaɪd/",
    "phrase": "trident propulsion enchantment",
    "phraseTranslation": "三叉戟推进魔咒",
    "difficulty": "advanced",
    "category": "enchantment_trident",
    "imageURLs": [
      {
        "filename": "Enchanted_Book.png",
        "url": "https://minecraft.wiki/w/File:Enchanted_Book.png",
        "type": "Enchantment Icon"
      }
    ]
  },
  {
    "word": "Channeling",
    "standardized": "Channeling",
    "chinese": "引雷",
    "phonetic": "/ˈtʃænəlɪŋ/",
    "phrase": "lightning strike trident",
    "phraseTranslation": "雷击三叉戟",
    "difficulty": "advanced",
    "category": "enchantment_trident",
    "imageURLs": [
      {
        "filename": "Enchanted_Book.png",
        "url": "https://minecraft.wiki/w/File:Enchanted_Book.png",
        "type": "Enchantment Icon"
      }
    ]
  },
  {
    "word": "Luck of the Sea",
    "standardized": "Luck of the Sea",
    "chinese": "海之眷顾",
    "phonetic": "/lʌk ʌv ði si/",
    "phrase": "fishing treasure luck",
    "phraseTranslation": "钓鱼宝藏运气",
    "difficulty": "intermediate",
    "category": "enchantment_fishing",
    "imageURLs": [
      {
        "filename": "Enchanted_Book.png",
        "url": "https://minecraft.wiki/w/File:Enchanted_Book.png",
        "type": "Enchantment Icon"
      }
    ]
  },
  {
    "word": "Lure",
    "standardized": "Lure",
    "chinese": "饵钓",
    "phonetic": "/lʊr/",
    "phrase": "fishing speed increase",
    "phraseTranslation": "钓鱼速度增加",
    "difficulty": "basic",
    "category": "enchantment_fishing",
    "imageURLs": [
      {
        "filename": "Enchanted_Book.png",
        "url": "https://minecraft.wiki/w/File:Enchanted_Book.png",
        "type": "Enchantment Icon"
      }
    ]
  },
  {
    "word": "Density",
    "standardized": "Density",
    "chinese": "沉重",
    "phonetic": "/ˈdɛnsəti/",
    "phrase": "mace falling damage",
    "phraseTranslation": "钉锤坠落伤害",
    "difficulty": "advanced",
    "category": "enchantment_mace",
    "imageURLs": [
      {
        "filename": "Enchanted_Book.png",
        "url": "https://minecraft.wiki/w/File:Enchanted_Book.png",
        "type": "Enchantment Icon"
      }
    ]
  },
  {
    "word": "Breach",
    "standardized": "Breach",
    "chinese": "破甲",
    "phonetic": "/britʃ/",
    "phrase": "mace armor piercing",
    "phraseTranslation": "钉锤破甲",
    "difficulty": "advanced",
    "category": "enchantment_mace",
    "imageURLs": [
      {
        "filename": "Enchanted_Book.png",
        "url": "https://minecraft.wiki/w/File:Enchanted_Book.png",
        "type": "Enchantment Icon"
      }
    ]
  }
]