[
  {
    "word": "Acacia Button",
    "standardized": "Acacia Button",
    "chinese": "金合欢木按钮",
    "phonetic": "/əˈkeɪʃə ˈbʌtn/",
    "phrase": "acacia button redstone",
    "phraseTranslation": "金合欢木按钮红石",
    "difficulty": "intermediate",
    "category": "block",
    "imageURLs": [
      {
        "filename": "Acacia_Button.png",
        "url": "https://minecraft.wiki/w/File:Lava.png",
        "type": "Default"
      }
    ]
  },
  {
    "word": "Lectern",
    "standardized": "Lectern",
    "chinese": "讲台",
    "phonetic": "/ˈlɛktərn/",
    "phrase": "lectern book reading",
    "phraseTranslation": "讲台书籍阅读",
    "difficulty": "intermediate",
    "category": "block",
    "imageURLs": [
      {
        "filename": "Lectern.png",
        "url": "https://minecraft.wiki/w/File:Lectern.png",
        "type": "Default"
      }
    ]
  },
  {
    "word": "Lever",
    "standardized": "Lever",
    "chinese": "拉杆",
    "phonetic": "/ˈlɛvər/",
    "phrase": "lever redstone switch",
    "phraseTranslation": "拉杆红石开关",
    "difficulty": "basic",
    "category": "block",
    "imageURLs": [
      {
        "filename": "Lever.png",
        "url": "https://minecraft.wiki/w/File:Lever.png",
        "type": "Default"
      }
    ]
  },
  {
    "word": "Lodestone",
    "standardized": "Lodestone",
    "chinese": "磁石",
    "phonetic": "/ˈloʊdˌstoʊn/",
    "phrase": "lodestone compass navigation",
    "phraseTranslation": "磁石指南针导航",
    "difficulty": "advanced",
    "category": "block",
    "imageURLs": [
      {
        "filename": "Lodestone.png",
        "url": "https://minecraft.wiki/w/File:Lodestone.png",
        "type": "Default"
      }
    ]
  },
  {
    "word": "Loom",
    "standardized": "Loom",
    "chinese": "织布机",
    "phonetic": "/lum/",
    "phrase": "loom banner patterns",
    "phraseTranslation": "织布机旗帜图案",
    "difficulty": "intermediate",
    "category": "block",
    "imageURLs": [
      {
        "filename": "Loom.png",
        "url": "https://minecraft.wiki/w/File:Loom.png",
        "type": "Default"
      }
    ]
  },
  {
    "word": "Magma Block",
    "standardized": "Magma Block",
    "chinese": "岩浆块",
    "phonetic": "/ˈmægmə blɑk/",
    "phrase": "magma block damage",
    "phraseTranslation": "岩浆块伤害",
    "difficulty": "intermediate",
    "category": "block",
    "imageURLs": [
      {
        "filename": "Magma_Block.png",
        "url": "https://minecraft.wiki/w/File:Magma_Block.png",
        "type": "Default"
      }
    ]
  },
  {
    "word": "Melon",
    "standardized": "Melon",
    "chinese": "西瓜",
    "phonetic": "/ˈmɛlən/",
    "phrase": "melon stem growing",
    "phraseTranslation": "西瓜茎生长",
    "difficulty": "basic",
    "category": "block",
    "imageURLs": [
      {
        "filename": "Melon.png",
        "url": "https://minecraft.wiki/w/File:Melon.png",
        "type": "Default"
      }
    ]
  },
  {
    "word": "Mossy Cobblestone",
    "standardized": "Mossy Cobblestone",
    "chinese": "苔石",
    "phonetic": "/ˈmɔsi ˈkɑbəlˌstoʊn/",
    "phrase": "mossy cobblestone dungeon",
    "phraseTranslation": "苔石地牢",
    "difficulty": "intermediate",
    "category": "block",
    "imageURLs": [
      {
        "filename": "Mossy_Cobblestone.png",
        "url": "https://minecraft.wiki/w/File:Mossy_Cobblestone.png",
        "type": "Default"
      }
    ]
  },
  {
    "word": "Mycelium",
    "standardized": "Mycelium",
    "chinese": "菌丝体",
    "phonetic": "/maɪˈsiliəm/",
    "phrase": "mycelium mushroom island",
    "phraseTranslation": "菌丝体蘑菇岛",
    "difficulty": "intermediate",
    "category": "block",
    "imageURLs": [
      {
        "filename": "Mycelium.png",
        "url": "https://minecraft.wiki/w/File:Mycelium.png",
        "type": "Default"
      }
    ]
  },
  {
    "word": "Netherrack",
    "standardized": "Netherrack",
    "chinese": "下界岩",
    "phonetic": "/ˈnɛðərˌræk/",
    "phrase": "netherrack eternal fire",
    "phraseTranslation": "下界岩永恒火焰",
    "difficulty": "intermediate",
    "category": "block",
    "imageURLs": [
      {
        "filename": "Netherrack.png",
        "url": "https://minecraft.wiki/w/File:Netherrack.png",
        "type": "Default"
      }
    ]
  },
  {
    "word": "Note Block",
    "standardized": "Note Block",
    "chinese": "音符盒",
    "phonetic": "/noʊt blɑk/",
    "phrase": "note block music",
    "phraseTranslation": "音符盒音乐",
    "difficulty": "intermediate",
    "category": "block",
    "imageURLs": [
      {
        "filename": "Note_Block.png",
        "url": "https://minecraft.wiki/w/File:Note_Block.png",
        "type": "Default"
      }
    ]
  },
  {
    "word": "Oak Log",
    "standardized": "Oak Log",
    "chinese": "橡木原木",
    "phonetic": "/oʊk lɔg/",
    "phrase": "oak log forest",
    "phraseTranslation": "橡木原木森林",
    "difficulty": "basic",
    "category": "block",
    "imageURLs": [
      {
        "filename": "Oak_Log.png",
        "url": "https://minecraft.wiki/w/File:Oak_Log.png",
        "type": "Default"
      }
    ]
  },
  {
    "word": "Oak Planks",
    "standardized": "Oak Planks",
    "chinese": "橡木木板",
    "phonetic": "/oʊk plæŋks/",
    "phrase": "oak planks building",
    "phraseTranslation": "橡木木板建造",
    "difficulty": "basic",
    "category": "block",
    "imageURLs": [
      {
        "filename": "Oak_Planks.png",
        "url": "https://minecraft.wiki/w/File:Oak_Planks.png",
        "type": "Default"
      }
    ]
  },
  {
    "word": "Observer",
    "standardized": "Observer",
    "chinese": "侦测器",
    "phonetic": "/əbˈzɜrvər/",
    "phrase": "observer block update",
    "phraseTranslation": "侦测器方块更新",
    "difficulty": "advanced",
    "category": "block",
    "imageURLs": [
      {
        "filename": "Observer.png",
        "url": "https://minecraft.wiki/w/File:Observer.png",
        "type": "Default"
      }
    ]
  },
  {
    "word": "Obsidian",
    "standardized": "Obsidian",
    "chinese": "黑曜石",
    "phonetic": "/əbˈsɪdiən/",
    "phrase": "obsidian nether portal",
    "phraseTranslation": "黑曜石下界传送门",
    "difficulty": "intermediate",
    "category": "block",
    "imageURLs": [
      {
        "filename": "Obsidian.png",
        "url": "https://minecraft.wiki/w/File:Obsidian.png",
        "type": "Default"
      }
    ]
  },
  {
    "word": "Piston",
    "standardized": "Piston",
    "chinese": "活塞",
    "phonetic": "/ˈpɪstən/",
    "phrase": "sticky piston redstone",
    "phraseTranslation": "黏性活塞红石",
    "difficulty": "intermediate",
    "category": "block",
    "imageURLs": [
      {
        "filename": "Piston.png",
        "url": "https://minecraft.wiki/w/File:Piston.png",
        "type": "Default"
      }
    ]
  },
  {
    "word": "Pumpkin",
    "standardized": "Pumpkin",
    "chinese": "南瓜",
    "phonetic": "/ˈpʌmpkɪn/",
    "phrase": "carved pumpkin jack",
    "phraseTranslation": "雕刻南瓜杰克",
    "difficulty": "basic",
    "category": "block",
    "imageURLs": [
      {
        "filename": "Pumpkin.png",
        "url": "https://minecraft.wiki/w/File:Pumpkin.png",
        "type": "Default"
      }
    ]
  },
  {
    "word": "Quartz Block",
    "standardized": "Quartz Block",
    "chinese": "石英块",
    "phonetic": "/kwɔrts blɑk/",
    "phrase": "quartz block nether",
    "phraseTranslation": "石英块下界",
    "difficulty": "intermediate",
    "category": "block",
    "imageURLs": [
      {
        "filename": "Quartz_Block.png",
        "url": "https://minecraft.wiki/w/File:Quartz_Block.png",
        "type": "Default"
      }
    ]
  },
  {
    "word": "Rail",
    "standardized": "Rail",
    "chinese": "铁轨",
    "phonetic": "/reɪl/",
    "phrase": "rail minecart transport",
    "phraseTranslation": "铁轨矿车运输",
    "difficulty": "intermediate",
    "category": "block",
    "imageURLs": [
      {
        "filename": "Rail.png",
        "url": "https://minecraft.wiki/w/File:Rail.png",
        "type": "Default"
      }
    ]
  },
  {
    "word": "Redstone Lamp",
    "standardized": "Redstone Lamp",
    "chinese": "红石灯",
    "phonetic": "/ˈrɛdˌstoʊn læmp/",
    "phrase": "redstone lamp lighting",
    "phraseTranslation": "红石灯照明",
    "difficulty": "intermediate",
    "category": "block",
    "imageURLs": [
      {
        "filename": "Redstone_Lamp.png",
        "url": "https://minecraft.wiki/w/File:Redstone_Lamp.png",
        "type": "Default"
      }
    ]
  },
  {
    "word": "Sand",
    "standardized": "Sand",
    "chinese": "沙子",
    "phonetic": "/sænd/",
    "phrase": "sand glass smelting",
    "phraseTranslation": "沙子玻璃冶炼",
    "difficulty": "basic",
    "category": "block",
    "imageURLs": [
      {
        "filename": "Sand.png",
        "url": "https://minecraft.wiki/w/File:Sand.png",
        "type": "Default"
      }
    ]
  },
  {
    "word": "Sandstone",
    "standardized": "Sandstone",
    "chinese": "砂岩",
    "phonetic": "/ˈsændˌstoʊn/",
    "phrase": "sandstone desert temple",
    "phraseTranslation": "砂岩沙漠神殿",
    "difficulty": "intermediate",
    "category": "block",
    "imageURLs": [
      {
        "filename": "Sandstone.png",
        "url": "https://minecraft.wiki/w/File:Sandstone.png",
        "type": "Default"
      }
    ]
  },
  {
    "word": "Sculk",
    "standardized": "Sculk",
    "chinese": "幽匿块",
    "phonetic": "/skʌlk/",
    "phrase": "sculk sensor vibration",
    "phraseTranslation": "幽匿感测体振动",
    "difficulty": "advanced",
    "category": "block",
    "imageURLs": [
      {
        "filename": "Sculk.png",
        "url": "https://minecraft.wiki/w/File:Sculk.png",
        "type": "Default"
      }
    ]
  },
  {
    "word": "Slime Block",
    "standardized": "Slime Block",
    "chinese": "黏液块",
    "phonetic": "/slaɪm blɑk/",
    "phrase": "slime block bouncing",
    "phraseTranslation": "黏液块弹跳",
    "difficulty": "intermediate",
    "category": "block",
    "imageURLs": [
      {
        "filename": "Slime_Block.png",
        "url": "https://minecraft.wiki/w/File:Slime_Block.png",
        "type": "Default"
      }
    ]
  },
  {
    "word": "Smithing Table",
    "standardized": "Smithing Table",
    "chinese": "锻造台",
    "phonetic": "/ˈsmɪθɪŋ ˈteɪbəl/",
    "phrase": "smithing table upgrade",
    "phraseTranslation": "锻造台升级",
    "difficulty": "advanced",
    "category": "block",
    "imageURLs": [
      {
        "filename": "Smithing_Table.png",
        "url": "https://minecraft.wiki/w/File:Smithing_Table.png",
        "type": "Default"
      }
    ]
  },
  {
    "word": "Smoker",
    "standardized": "Smoker",
    "chinese": "烟熏炉",
    "phonetic": "/ˈsmoʊkər/",
    "phrase": "smoker food cooking",
    "phraseTranslation": "烟熏炉食物烹饪",
    "difficulty": "intermediate",
    "category": "block",
    "imageURLs": [
      {
        "filename": "Smoker.png",
        "url": "https://minecraft.wiki/w/File:Smoker.png",
        "type": "Default"
      }
    ]
  },
  {
    "word": "Snow Block",
    "standardized": "Snow Block",
    "chinese": "雪块",
    "phonetic": "/snoʊ blɑk/",
    "phrase": "snow golem building",
    "phraseTranslation": "雪傀儡建造",
    "difficulty": "basic",
    "category": "block",
    "imageURLs": [
      {
        "filename": "Snow_Block.png",
        "url": "https://minecraft.wiki/w/File:Snow_Block.png",
        "type": "Default"
      }
    ]
  },
  {
    "word": "Soul Sand",
    "standardized": "Soul Sand",
    "chinese": "灵魂沙",
    "phonetic": "/soʊl sænd/",
    "phrase": "soul sand bubble",
    "phraseTranslation": "灵魂沙气泡",
    "difficulty": "intermediate",
    "category": "block",
    "imageURLs": [
      {
        "filename": "Soul_Sand.png",
        "url": "https://minecraft.wiki/w/File:Soul_Sand.png",
        "type": "Default"
      }
    ]
  },
  {
    "word": "Sponge",
    "standardized": "Sponge",
    "chinese": "海绵",
    "phonetic": "/spʌndʒ/",
    "phrase": "sponge water absorption",
    "phraseTranslation": "海绵吸水",
    "difficulty": "intermediate",
    "category": "block",
    "imageURLs": [
      {
        "filename": "Sponge.png",
        "url": "https://minecraft.wiki/w/File:Sponge.png",
        "type": "Default"
      }
    ]
  },
  {
    "word": "Stone",
    "standardized": "Stone",
    "chinese": "石头",
    "phonetic": "/stoʊn/",
    "phrase": "stone pickaxe mining",
    "phraseTranslation": "石镐开采",
    "difficulty": "basic",
    "category": "block",
    "imageURLs": [
      {
        "filename": "Stone.png",
        "url": "https://minecraft.wiki/w/File:Stone.png",
        "type": "Default"
      }
    ]
  },
  {
    "word": "Stonecutter",
    "standardized": "Stonecutter",
    "chinese": "切石机",
    "phonetic": "/ˈstoʊnˌkʌtər/",
    "phrase": "stonecutter stone crafting",
    "phraseTranslation": "切石机石头合成",
    "difficulty": "intermediate",
    "category": "block",
    "imageURLs": [
      {
        "filename": "Stonecutter.png",
        "url": "https://minecraft.wiki/w/File:Stonecutter.png",
        "type": "Default"
      }
    ]
  },
  {
    "word": "TNT",
    "standardized": "TNT",
    "chinese": "TNT",
    "phonetic": "/ˌtiɛnˈti/",
    "phrase": "TNT explosion mining",
    "phraseTranslation": "TNT爆炸开采",
    "difficulty": "intermediate",
    "category": "block",
    "imageURLs": [
      {
        "filename": "TNT.png",
        "url": "https://minecraft.wiki/w/File:TNT.png",
        "type": "Default"
      }
    ]
  },
  {
    "word": "Torch",
    "standardized": "Torch",
    "chinese": "火把",
    "phonetic": "/tɔrtʃ/",
    "phrase": "torch mob spawning",
    "phraseTranslation": "火把怪物生成",
    "difficulty": "basic",
    "category": "block",
    "imageURLs": [
      {
        "filename": "Torch.png",
        "url": "https://minecraft.wiki/w/File:Torch.png",
        "type": "Default"
      }
    ]
  },
  {
    "word": "Water",
    "standardized": "Water",
    "chinese": "水",
    "phonetic": "/ˈwɔtər/",
    "phrase": "water bucket infinite",
    "phraseTranslation": "水桶无限",
    "difficulty": "basic",
    "category": "block",
    "imageURLs": [
      {
        "filename": "Water.png",
        "url": "https://minecraft.wiki/w/File:Water.png",
        "type": "Default"
      }
    ]
  },
  {
    "word": "Acacia Door",
    "standardized": "Acacia Door",
    "chinese": "金合欢木门",
    "phonetic": "/əˈkeɪʃə dɔr/",
    "phrase": "open acacia door",
    "phraseTranslation": "打开金合欢木门",
    "difficulty": "intermediate",
    "category": "block",
    "imageURLs": [
      {
        "filename": "Acacia_Door.png",
        "url": "https://minecraft.wiki/w/File:Acacia_Door.png",
        "type": "Default"
      }
    ]
  },
  {
    "word": "Acacia Fence",
    "standardized": "Acacia Fence",
    "chinese": "金合欢木栅栏",
    "phonetic": "/əˈkeɪʃə fɛns/",
    "phrase": "acacia fence gate",
    "phraseTranslation": "金合欢木栅栏门",
    "difficulty": "intermediate",
    "category": "block",
    "imageURLs": [
      {
        "filename": "Acacia_Fence.png",
        "url": "https://minecraft.wiki/w/File:Acacia_Fence.png",
        "type": "Default"
      }
    ]
  },
  {
    "word": "Acacia Fence Gate",
    "standardized": "Acacia Fence Gate",
    "chinese": "金合欢木栅栏门",
    "phonetic": "/əˈkeɪʃə fɛns geɪt/",
    "phrase": "acacia fence gate redstone",
    "phraseTranslation": "金合欢木栅栏门红石",
    "difficulty": "intermediate",
    "category": "block",
    "imageURLs": [
      {
        "filename": "Acacia_Fence_Gate.png",
        "url": "https://minecraft.wiki/w/File:Acacia_Fence_Gate.png",
        "type": "Default"
      }
    ]
  },
  {
    "word": "Acacia Hanging Sign",
    "standardized": "Acacia Hanging Sign",
    "chinese": "悬挂式金合欢木告示牌",
    "phonetic": "/əˈkeɪʃə ˈhæŋɪŋ saɪn/",
    "phrase": "hanging sign text",
    "phraseTranslation": "悬挂告示牌文字",
    "difficulty": "intermediate",
    "category": "block",
    "imageURLs": [
      {
        "filename": "Acacia_Hanging_Sign.png",
        "url": "https://minecraft.wiki/w/File:Acacia_Hanging_Sign.png",
        "type": "Default"
      }
    ]
  },
  {
    "word": "Acacia Leaves",
    "standardized": "Acacia Leaves",
    "chinese": "金合欢树叶",
    "phonetic": "/əˈkeɪʃə livz/",
    "phrase": "acacia leaves decay",
    "phraseTranslation": "金合欢树叶腐烂",
    "difficulty": "intermediate",
    "category": "block",
    "imageURLs": [
      {
        "filename": "Acacia_Leaves.png",
        "url": "https://minecraft.wiki/w/File:Acacia_Leaves.png",
        "type": "Default"
      }
    ]
  },
  {
    "word": "Acacia Log",
    "standardized": "Acacia Log",
    "chinese": "金合欢原木",
    "phonetic": "/əˈkeɪʃə lɔg/",
    "phrase": "stripped acacia log",
    "phraseTranslation": "去皮金合欢原木",
    "difficulty": "intermediate",
    "category": "block",
    "imageURLs": [
      {
        "filename": "Acacia_Log.png",
        "url": "https://minecraft.wiki/w/File:Acacia_Log.png",
        "type": "Default"
      }
    ]
  },
  {
    "word": "Acacia Planks",
    "standardized": "Acacia Planks",
    "chinese": "金合欢木板",
    "phonetic": "/əˈkeɪʃə plæŋks/",
    "phrase": "acacia planks crafting",
    "phraseTranslation": "金合欢木板合成",
    "difficulty": "intermediate",
    "category": "block",
    "imageURLs": [
      {
        "filename": "Acacia_Planks.png",
        "url": "https://minecraft.wiki/w/File:Acacia_Planks.png",
        "type": "Default"
      }
    ]
  },
  {
    "word": "Acacia Pressure Plate",
    "standardized": "Acacia Pressure Plate",
    "chinese": "金合欢木压力板",
    "phonetic": "/əˈkeɪʃə ˈprɛʃər pleɪt/",
    "phrase": "pressure plate activation",
    "phraseTranslation": "压力板激活",
    "difficulty": "intermediate",
    "category": "block",
    "imageURLs": [
      {
        "filename": "Acacia_Pressure_Plate.png",
        "url": "https://minecraft.wiki/w/File:Acacia_Pressure_Plate.png",
        "type": "Default"
      }
    ]
  },
  {
    "word": "Acacia Sapling",
    "standardized": "Acacia Sapling",
    "chinese": "金合欢树苗",
    "phonetic": "/əˈkeɪʃə ˈsæplɪŋ/",
    "phrase": "plant acacia sapling",
    "phraseTranslation": "种植金合欢树苗",
    "difficulty": "intermediate",
    "category": "block",
    "imageURLs": [
      {
        "filename": "Acacia_Sapling.png",
        "url": "https://minecraft.wiki/w/File:Acacia_Sapling.png",
        "type": "Default"
      }
    ]
  },
  {
    "word": "Acacia Sign",
    "standardized": "Acacia Sign",
    "chinese": "金合欢木告示牌",
    "phonetic": "/əˈkeɪʃə saɪn/",
    "phrase": "acacia sign text",
    "phraseTranslation": "金合欢木告示牌文字",
    "difficulty": "intermediate",
    "category": "block",
    "imageURLs": [
      {
        "filename": "Acacia_Sign.png",
        "url": "https://minecraft.wiki/w/File:Acacia_Sign.png",
        "type": "Default"
      }
    ]
  },
  {
    "word": "Acacia Slab",
    "standardized": "Acacia Slab",
    "chinese": "金合欢木台阶",
    "phonetic": "/əˈkeɪʃə slæb/",
    "phrase": "acacia slab building",
    "phraseTranslation": "金合欢木台阶建造",
    "difficulty": "intermediate",
    "category": "block",
    "imageURLs": [
      {
        "filename": "Acacia_Slab.png",
        "url": "https://minecraft.wiki/w/File:Acacia_Slab.png",
        "type": "Default"
      }
    ]
  },
  {
    "word": "Acacia Stairs",
    "standardized": "Acacia Stairs",
    "chinese": "金合欢木楼梯",
    "phonetic": "/əˈkeɪʃə stɛrz/",
    "phrase": "acacia stairs upside down",
    "phraseTranslation": "倒置的金合欢木楼梯",
    "difficulty": "intermediate",
    "category": "block",
    "imageURLs": [
      {
        "filename": "Acacia_Stairs.png",
        "url": "https://minecraft.wiki/w/File:Acacia_Stairs.png",
        "type": "Default"
      }
    ]
  },
  {
    "word": "Acacia Trapdoor",
    "standardized": "Acacia Trapdoor",
    "chinese": "金合欢木活板门",
    "phonetic": "/əˈkeɪʃə ˈtræpˌdɔr/",
    "phrase": "acacia trapdoor redstone",
    "phraseTranslation": "金合欢木活板门红石",
    "difficulty": "intermediate",
    "category": "block",
    "imageURLs": [
      {
        "filename": "Acacia_Trapdoor.png",
        "url": "https://minecraft.wiki/w/File:Acacia_Trapdoor.png",
        "type": "Default"
      }
    ]
  },
  {
    "word": "Acacia Wood",
    "standardized": "Acacia Wood",
    "chinese": "金合欢木",
    "phonetic": "/əˈkeɪʃə wʊd/",
    "phrase": "acacia wood block",
    "phraseTranslation": "金合欢木方块",
    "difficulty": "intermediate",
    "category": "block",
    "imageURLs": [
      {
        "filename": "Acacia_Wood.png",
        "url": "https://minecraft.wiki/w/File:Acacia_Wood.png",
        "type": "Default"
      }
    ]
  },
  {
    "word": "Activator Rail",
    "standardized": "Activator Rail",
    "chinese": "激活铁轨",
    "phonetic": "/ˈæktɪˌveɪtər reɪl/",
    "phrase": "activator rail minecart",
    "phraseTranslation": "激活铁轨矿车",
    "difficulty": "intermediate",
    "category": "block",
    "imageURLs": [
      {
        "filename": "Activator_Rail.png",
        "url": "https://minecraft.wiki/w/File:Activator_Rail.png",
        "type": "Default"
      }
    ]
  },
  {
    "word": "Air",
    "standardized": "Air",
    "chinese": "空气",
    "phonetic": "/ɛr/",
    "phrase": "air block void",
    "phraseTranslation": "空气方块虚空",
    "difficulty": "basic",
    "category": "block",
    "imageURLs": [
      {
        "filename": "Air.png",
        "url": "https://minecraft.wiki/w/File:Air.png",
        "type": "Default"
      }
    ]
  },
  {
    "word": "Allium",
    "standardized": "Allium",
    "chinese": "绒球葱",
    "phonetic": "/ˈæliəm/",
    "phrase": "allium flower purple",
    "phraseTranslation": "绒球葱紫色花朵",
    "difficulty": "intermediate",
    "category": "block",
    "imageURLs": [
      {
        "filename": "Allium.png",
        "url": "https://minecraft.wiki/w/File:Allium.png",
        "type": "Default"
      }
    ]
  },
  {
    "word": "Amethyst Bud",
    "standardized": "Amethyst Bud",
    "chinese": "紫晶芽",
    "phonetic": "/ˈæməθɪst bʌd/",
    "phrase": "amethyst bud growing",
    "phraseTranslation": "紫晶芽生长",
    "difficulty": "intermediate",
    "category": "block",
    "imageURLs": [
      {
        "filename": "Amethyst_Bud.png",
        "url": "https://minecraft.wiki/w/File:Amethyst_Bud.png",
        "type": "Default"
      }
    ]
  },
  {
    "word": "Amethyst Cluster",
    "standardized": "Amethyst Cluster",
    "chinese": "紫水晶簇",
    "phonetic": "/ˈæməθɪst ˈklʌstər/",
    "phrase": "amethyst cluster mining",
    "phraseTranslation": "紫水晶簇开采",
    "difficulty": "intermediate",
    "category": "block",
    "imageURLs": [
      {
        "filename": "Amethyst_Cluster.png",
        "url": "https://minecraft.wiki/w/File:Amethyst_Cluster.png",
        "type": "Default"
      }
    ]
  },
  {
    "word": "Ancient Debris",
    "standardized": "Ancient Debris",
    "chinese": "远古残骸",
    "phonetic": "/ˈeɪnʃənt dɪˈbri/",
    "phrase": "ancient debris netherite",
    "phraseTranslation": "远古残骸下界合金",
    "difficulty": "advanced",
    "category": "block",
    "imageURLs": [
      {
        "filename": "Ancient_Debris.png",
        "url": "https://minecraft.wiki/w/File:Ancient_Debris.png",
        "type": "Default"
      }
    ]
  },
  {
    "word": "Andesite",
    "standardized": "Andesite",
    "chinese": "安山岩",
    "phonetic": "/ˈændəˌzaɪt/",
    "phrase": "polished andesite stairs",
    "phraseTranslation": "磨制安山岩楼梯",
    "difficulty": "intermediate",
    "category": "block",
    "imageURLs": [
      {
        "filename": "Andesite.png",
        "url": "https://minecraft.wiki/w/File:Andesite.png",
        "type": "Default"
      }
    ]
  },
  {
    "word": "Andesite Slab",
    "standardized": "Andesite Slab",
    "chinese": "安山岩台阶",
    "phonetic": "/ˈændəˌzaɪt slæb/",
    "phrase": "andesite slab building",
    "phraseTranslation": "安山岩台阶建造",
    "difficulty": "intermediate",
    "category": "block",
    "imageURLs": [
      {
        "filename": "Andesite_Slab.png",
        "url": "https://minecraft.wiki/w/File:Andesite_Slab.png",
        "type": "Default"
      }
    ]
  },
  {
    "word": "Andesite Stairs",
    "standardized": "Andesite Stairs",
    "chinese": "安山岩楼梯",
    "phonetic": "/ˈændəˌzaɪt stɛrz/",
    "phrase": "andesite stairs decoration",
    "phraseTranslation": "安山岩楼梯装饰",
    "difficulty": "intermediate",
    "category": "block",
    "imageURLs": [
      {
        "filename": "Andesite_Stairs.png",
        "url": "https://minecraft.wiki/w/File:Andesite_Stairs.png",
        "type": "Default"
      }
    ]
  },
  {
    "word": "Andesite Wall",
    "standardized": "Andesite Wall",
    "chinese": "安山岩墙",
    "phonetic": "/ˈændəˌzaɪt wɔl/",
    "phrase": "andesite wall fence",
    "phraseTranslation": "安山岩墙栅栏",
    "difficulty": "intermediate",
    "category": "block",
    "imageURLs": [
      {
        "filename": "Andesite_Wall.png",
        "url": "https://minecraft.wiki/w/File:Andesite_Wall.png",
        "type": "Default"
      }
    ]
  },
  {
    "word": "Anvil",
    "standardized": "Anvil",
    "chinese": "铁砧",
    "phonetic": "/ˈænvɪl/",
    "phrase": "anvil enchanting repair",
    "phraseTranslation": "铁砧附魔修复",
    "difficulty": "intermediate",
    "category": "block",
    "imageURLs": [
      {
        "filename": "Anvil.png",
        "url": "https://minecraft.wiki/w/File:Anvil.png",
        "type": "Default"
      }
    ]
  },
  {
    "word": "Azalea",
    "standardized": "Azalea",
    "chinese": "杜鹃花丛",
    "phonetic": "/əˈzeɪliə/",
    "phrase": "azalea flowering bush",
    "phraseTranslation": "杜鹃花开花灌木",
    "difficulty": "intermediate",
    "category": "block",
    "imageURLs": [
      {
        "filename": "Azalea.png",
        "url": "https://minecraft.wiki/w/File:Azalea.png",
        "type": "Default"
      }
    ]
  },
  {
    "word": "Azalea Leaves",
    "standardized": "Azalea Leaves",
    "chinese": "杜鹃树叶",
    "phonetic": "/əˈzeɪliə livz/",
    "phrase": "azalea leaves lush",
    "phraseTranslation": "杜鹃树叶繁茂",
    "difficulty": "intermediate",
    "category": "block",
    "imageURLs": [
      {
        "filename": "Azalea_Leaves.png",
        "url": "https://minecraft.wiki/w/File:Azalea_Leaves.png",
        "type": "Default"
      }
    ]
  },
  {
    "word": "Azure Bluet",
    "standardized": "Azure Bluet",
    "chinese": "蓝花美耳草",
    "phonetic": "/ˈæʒər ˈbluɪt/",
    "phrase": "azure bluet flower",
    "phraseTranslation": "蓝花美耳草花朵",
    "difficulty": "intermediate",
    "category": "block",
    "imageURLs": [
      {
        "filename": "Azure_Bluet.png",
        "url": "https://minecraft.wiki/w/File:Azure_Bluet.png",
        "type": "Default"
      }
    ]
  },
  {
    "word": "Bamboo Button",
    "standardized": "Bamboo Button",
    "chinese": "竹按钮",
    "phonetic": "/bæmˈbu ˈbʌtn/",
    "phrase": "bamboo button redstone",
    "phraseTranslation": "竹按钮红石",
    "difficulty": "intermediate",
    "category": "block",
    "imageURLs": [
      {
        "filename": "Bamboo_Button.png",
        "url": "https://minecraft.wiki/w/File:Bamboo_Button.png",
        "type": "Default"
      }
    ]
  },
  {
    "word": "Bamboo Door",
    "standardized": "Bamboo Door",
    "chinese": "竹门",
    "phonetic": "/bæmˈbu dɔr/",
    "phrase": "bamboo door entrance",
    "phraseTranslation": "竹门入口",
    "difficulty": "intermediate",
    "category": "block",
    "imageURLs": [
      {
        "filename": "Bamboo_Door.png",
        "url": "https://minecraft.wiki/w/File:Bamboo_Door.png",
        "type": "Default"
      }
    ]
  },
  {
    "word": "Bamboo Fence",
    "standardized": "Bamboo Fence",
    "chinese": "竹栅栏",
    "phonetic": "/bæmˈbu fɛns/",
    "phrase": "bamboo fence enclosure",
    "phraseTranslation": "竹栅栏围栏",
    "difficulty": "intermediate",
    "category": "block",
    "imageURLs": [
      {
        "filename": "Bamboo_Fence.png",
        "url": "https://minecraft.wiki/w/File:Bamboo_Fence.png",
        "type": "Default"
      }
    ]
  },
  {
    "word": "Bamboo Planks",
    "standardized": "Bamboo Planks",
    "chinese": "竹板",
    "phonetic": "/bæmˈbu plæŋks/",
    "phrase": "bamboo planks flooring",
    "phraseTranslation": "竹板地板",
    "difficulty": "intermediate",
    "category": "block",
    "imageURLs": [
      {
        "filename": "Bamboo_Planks.png",
        "url": "https://minecraft.wiki/w/File:Bamboo_Planks.png",
        "type": "Default"
      }
    ]
  },
  {
    "word": "Barrel",
    "standardized": "Barrel",
    "chinese": "木桶",
    "phonetic": "/ˈbærəl/",
    "phrase": "barrel storage container",
    "phraseTranslation": "木桶存储容器",
    "difficulty": "intermediate",
    "category": "block",
    "imageURLs": [
      {
        "filename": "Barrel.png",
        "url": "https://minecraft.wiki/w/File:Barrel.png",
        "type": "Default"
      }
    ]
  },
  {
    "word": "Barrier",
    "standardized": "Barrier",
    "chinese": "屏障",
    "phonetic": "/ˈbæriər/",
    "phrase": "barrier invisible block",
    "phraseTranslation": "屏障隐形方块",
    "difficulty": "advanced",
    "category": "block",
    "imageURLs": [
      {
        "filename": "Barrier.png",
        "url": "https://minecraft.wiki/w/File:Barrier.png",
        "type": "Default"
      }
    ]
  },
  {
    "word": "Basalt",
    "standardized": "Basalt",
    "chinese": "玄武岩",
    "phonetic": "/bəˈsɔlt/",
    "phrase": "basalt pillar formation",
    "phraseTranslation": "玄武岩柱状结构",
    "difficulty": "intermediate",
    "category": "block",
    "imageURLs": [
      {
        "filename": "Basalt.png",
        "url": "https://minecraft.wiki/w/File:Basalt.png",
        "type": "Default"
      }
    ]
  },
  {
    "word": "Beacon",
    "standardized": "Beacon",
    "chinese": "信标",
    "phonetic": "/ˈbikən/",
    "phrase": "beacon pyramid power",
    "phraseTranslation": "信标金字塔力量",
    "difficulty": "advanced",
    "category": "block",
    "imageURLs": [
      {
        "filename": "Beacon.png",
        "url": "https://minecraft.wiki/w/File:Beacon.png",
        "type": "Default"
      }
    ]
  },
  {
    "word": "Bedrock",
    "standardized": "Bedrock",
    "chinese": "基岩",
    "phonetic": "/ˈbɛdˌrɑk/",
    "phrase": "unbreakable bedrock layer",
    "phraseTranslation": "无法破坏的基岩层",
    "difficulty": "basic",
    "category": "block",
    "imageURLs": [
      {
        "filename": "Bedrock.png",
        "url": "https://minecraft.wiki/w/File:Bedrock.png",
        "type": "Default"
      }
    ]
  },
  {
    "word": "Bee Nest",
    "standardized": "Bee Nest",
    "chinese": "蜂巢",
    "phonetic": "/bi nɛst/",
    "phrase": "bee nest honey",
    "phraseTranslation": "蜂巢蜂蜜",
    "difficulty": "intermediate",
    "category": "block",
    "imageURLs": [
      {
        "filename": "Bee_Nest.png",
        "url": "https://minecraft.wiki/w/File:Bee_Nest.png",
        "type": "Default"
      }
    ]
  },
  {
    "word": "Beehive",
    "standardized": "Beehive",
    "chinese": "蜂箱",
    "phonetic": "/ˈbiˌhaɪv/",
    "phrase": "beehive crafted honey",
    "phraseTranslation": "蜂箱制作蜂蜜",
    "difficulty": "intermediate",
    "category": "block",
    "imageURLs": [
      {
        "filename": "Beehive.png",
        "url": "https://minecraft.wiki/w/File:Beehive.png",
        "type": "Default"
      }
    ]
  },
  {
    "word": "Bell",
    "standardized": "Bell",
    "chinese": "钟",
    "phonetic": "/bɛl/",
    "phrase": "village bell raid",
    "phraseTranslation": "村庄钟袭击",
    "difficulty": "intermediate",
    "category": "block",
    "imageURLs": [
      {
        "filename": "Bell.png",
        "url": "https://minecraft.wiki/w/File:Bell.png",
        "type": "Default"
      }
    ]
  },
  {
    "word": "Big Dripleaf",
    "standardized": "Big Dripleaf",
    "chinese": "大型垂滴叶",
    "phonetic": "/bɪg ˈdrɪpˌlif/",
    "phrase": "big dripleaf platform",
    "phraseTranslation": "大型垂滴叶平台",
    "difficulty": "intermediate",
    "category": "block",
    "imageURLs": [
      {
        "filename": "Big_Dripleaf.png",
        "url": "https://minecraft.wiki/w/File:Big_Dripleaf.png",
        "type": "Default"
      }
    ]
  },
  {
    "word": "Birch Button",
    "standardized": "Birch Button",
    "chinese": "白桦木按钮",
    "phonetic": "/bɜrtʃ ˈbʌtn/",
    "phrase": "birch button door",
    "phraseTranslation": "白桦木按钮门",
    "difficulty": "basic",
    "category": "block",
    "imageURLs": [
      {
        "filename": "Birch_Button.png",
        "url": "https://minecraft.wiki/w/File:Birch_Button.png",
        "type": "Default"
      }
    ]
  },
  {
    "word": "Birch Door",
    "standardized": "Birch Door",
    "chinese": "白桦木门",
    "phonetic": "/bɜrtʃ dɔr/",
    "phrase": "birch door house",
    "phraseTranslation": "白桦木门房屋",
    "difficulty": "basic",
    "category": "block",
    "imageURLs": [
      {
        "filename": "Birch_Door.png",
        "url": "https://minecraft.wiki/w/File:Birch_Door.png",
        "type": "Default"
      }
    ]
  },
  {
    "word": "Birch Fence",
    "standardized": "Birch Fence",
    "chinese": "白桦木栅栏",
    "phonetic": "/bɜrtʃ fɛns/",
    "phrase": "birch fence yard",
    "phraseTranslation": "白桦木栅栏院子",
    "difficulty": "basic",
    "category": "block",
    "imageURLs": [
      {
        "filename": "Birch_Fence.png",
        "url": "https://minecraft.wiki/w/File:Birch_Fence.png",
        "type": "Default"
      }
    ]
  },
  {
    "word": "Birch Leaves",
    "standardized": "Birch Leaves",
    "chinese": "白桦树叶",
    "phonetic": "/bɜrtʃ livz/",
    "phrase": "birch leaves sapling",
    "phraseTranslation": "白桦树叶树苗",
    "difficulty": "basic",
    "category": "block",
    "imageURLs": [
      {
        "filename": "Birch_Leaves.png",
        "url": "https://minecraft.wiki/w/File:Birch_Leaves.png",
        "type": "Default"
      }
    ]
  },
  {
    "word": "Birch Log",
    "standardized": "Birch Log",
    "chinese": "白桦原木",
    "phonetic": "/bɜrtʃ lɔg/",
    "phrase": "birch log stripping",
    "phraseTranslation": "白桦原木去皮",
    "difficulty": "basic",
    "category": "block",
    "imageURLs": [
      {
        "filename": "Birch_Log.png",
        "url": "https://minecraft.wiki/w/File:Birch_Log.png",
        "type": "Default"
      }
    ]
  },
  {
    "word": "Birch Planks",
    "standardized": "Birch Planks",
    "chinese": "白桦木板",
    "phonetic": "/bɜrtʃ plæŋks/",
    "phrase": "birch planks crafting",
    "phraseTranslation": "白桦木板合成",
    "difficulty": "basic",
    "category": "block",
    "imageURLs": [
      {
        "filename": "Birch_Planks.png",
        "url": "https://minecraft.wiki/w/File:Birch_Planks.png",
        "type": "Default"
      }
    ]
  },
  {
    "word": "Black Wool",
    "standardized": "Black Wool",
    "chinese": "黑色羊毛",
    "phonetic": "/blæk wʊl/",
    "phrase": "black wool dyeing",
    "phraseTranslation": "黑色羊毛染色",
    "difficulty": "basic",
    "category": "block",
    "imageURLs": [
      {
        "filename": "Black_Wool.png",
        "url": "https://minecraft.wiki/w/File:Black_Wool.png",
        "type": "Default"
      }
    ]
  },
  {
    "word": "Blue Wool",
    "standardized": "Blue Wool",
    "chinese": "蓝色羊毛",
    "phonetic": "/blu wʊl/",
    "phrase": "blue wool banner",
    "phraseTranslation": "蓝色羊毛旗帜",
    "difficulty": "basic",
    "category": "block",
    "imageURLs": [
      {
        "filename": "Blue_Wool.png",
        "url": "https://minecraft.wiki/w/File:Blue_Wool.png",
        "type": "Default"
      }
    ]
  },
  {
    "word": "Bone Block",
    "standardized": "Bone Block",
    "chinese": "骨块",
    "phonetic": "/boʊn blɑk/",
    "phrase": "bone block fossil",
    "phraseTranslation": "骨块化石",
    "difficulty": "intermediate",
    "category": "block",
    "imageURLs": [
      {
        "filename": "Bone_Block.png",
        "url": "https://minecraft.wiki/w/File:Bone_Block.png",
        "type": "Default"
      }
    ]
  },
  {
    "word": "Bookshelf",
    "standardized": "Bookshelf",
    "chinese": "书架",
    "phonetic": "/ˈbʊkˌʃɛlf/",
    "phrase": "enchanting table bookshelf",
    "phraseTranslation": "附魔台书架",
    "difficulty": "intermediate",
    "category": "block",
    "imageURLs": [
      {
        "filename": "Bookshelf.png",
        "url": "https://minecraft.wiki/w/File:Bookshelf.png",
        "type": "Default"
      }
    ]
  },
  {
    "word": "Brewing Stand",
    "standardized": "Brewing Stand",
    "chinese": "酿造台",
    "phonetic": "/ˈbruɪŋ stænd/",
    "phrase": "brewing stand potion",
    "phraseTranslation": "酿造台药水",
    "difficulty": "advanced",
    "category": "block",
    "imageURLs": [
      {
        "filename": "Brewing_Stand.png",
        "url": "https://minecraft.wiki/w/File:Brewing_Stand.png",
        "type": "Default"
      }
    ]
  },
  {
    "word": "Bricks",
    "standardized": "Bricks",
    "chinese": "红砖块",
    "phonetic": "/brɪks/",
    "phrase": "brick slab stairs",
    "phraseTranslation": "红砖台阶楼梯",
    "difficulty": "intermediate",
    "category": "block",
    "imageURLs": [
      {
        "filename": "Bricks.png",
        "url": "https://minecraft.wiki/w/File:Bricks.png",
        "type": "Default"
      }
    ]
  },
  {
    "word": "Cactus",
    "standardized": "Cactus",
    "chinese": "仙人掌",
    "phonetic": "/ˈkæktəs/",
    "phrase": "cactus desert farm",
    "phraseTranslation": "仙人掌沙漠农场",
    "difficulty": "basic",
    "category": "block",
    "imageURLs": [
      {
        "filename": "Cactus.png",
        "url": "https://minecraft.wiki/w/File:Cactus.png",
        "type": "Default"
      }
    ]
  },
  {
    "word": "Cake",
    "standardized": "Cake",
    "chinese": "蛋糕",
    "phonetic": "/keɪk/",
    "phrase": "cake slices eating",
    "phraseTranslation": "蛋糕切片食用",
    "difficulty": "intermediate",
    "category": "block",
    "imageURLs": [
      {
        "filename": "Cake.png",
        "url": "https://minecraft.wiki/w/File:Cake.png",
        "type": "Default"
      }
    ]
  },
  {
    "word": "Campfire",
    "standardized": "Campfire",
    "chinese": "营火",
    "phonetic": "/ˈkæmpˌfaɪər/",
    "phrase": "campfire cooking food",
    "phraseTranslation": "营火烹饪食物",
    "difficulty": "intermediate",
    "category": "block",
    "imageURLs": [
      {
        "filename": "Campfire.png",
        "url": "https://minecraft.wiki/w/File:Campfire.png",
        "type": "Default"
      }
    ]
  },
  {
    "word": "Cartography Table",
    "standardized": "Cartography Table",
    "chinese": "制图台",
    "phonetic": "/kɑrˈtɑgrəfi ˈteɪbəl/",
    "phrase": "cartography table map",
    "phraseTranslation": "制图台地图",
    "difficulty": "intermediate",
    "category": "block",
    "imageURLs": [
      {
        "filename": "Cartography_Table.png",
        "url": "https://minecraft.wiki/w/File:Cartography_Table.png",
        "type": "Default"
      }
    ]
  },
  {
    "word": "Cauldron",
    "standardized": "Cauldron",
    "chinese": "炼药锅",
    "phonetic": "/ˈkɔldrən/",
    "phrase": "cauldron water lava",
    "phraseTranslation": "炼药锅水熔岩",
    "difficulty": "intermediate",
    "category": "block",
    "imageURLs": [
      {
        "filename": "Cauldron.png",
        "url": "https://minecraft.wiki/w/File:Cauldron.png",
        "type": "Default"
      }
    ]
  },
  {
    "word": "Chain",
    "standardized": "Chain",
    "chinese": "锁链",
    "phonetic": "/tʃeɪn/",
    "phrase": "chain decoration hanging",
    "phraseTranslation": "锁链装饰悬挂",
    "difficulty": "intermediate",
    "category": "block",
    "imageURLs": [
      {
        "filename": "Chain.png",
        "url": "https://minecraft.wiki/w/File:Chain.png",
        "type": "Default"
      }
    ]
  },
  {
    "word": "Chest",
    "standardized": "Chest",
    "chinese": "箱子",
    "phonetic": "/tʃɛst/",
    "phrase": "double chest storage",
    "phraseTranslation": "双箱子存储",
    "difficulty": "basic",
    "category": "block",
    "imageURLs": [
      {
        "filename": "Chest.png",
        "url": "https://minecraft.wiki/w/File:Chest.png",
        "type": "Default"
      }
    ]
  },
  {
    "word": "Clay",
    "standardized": "Clay",
    "chinese": "黏土块",
    "phonetic": "/kleɪ/",
    "phrase": "clay block underwater",
    "phraseTranslation": "水下黏土块",
    "difficulty": "basic",
    "category": "block",
    "imageURLs": [
      {
        "filename": "Clay.png",
        "url": "https://minecraft.wiki/w/File:Clay.png",
        "type": "Default"
      }
    ]
  },
  {
    "word": "Coal Ore",
    "standardized": "Coal Ore",
    "chinese": "煤矿石",
    "phonetic": "/koʊl ɔr/",
    "phrase": "coal ore mining",
    "phraseTranslation": "煤矿石开采",
    "difficulty": "basic",
    "category": "block",
    "imageURLs": [
      {
        "filename": "Coal_Ore.png",
        "url": "https://minecraft.wiki/w/File:Coal_Ore.png",
        "type": "Default"
      }
    ]
  },
  {
    "word": "Cobblestone",
    "standardized": "Cobblestone",
    "chinese": "圆石",
    "phonetic": "/ˈkɑbəlˌstoʊn/",
    "phrase": "cobblestone generator infinite",
    "phraseTranslation": "圆石生成器无限",
    "difficulty": "basic",
    "category": "block",
    "imageURLs": [
      {
        "filename": "Cobblestone.png",
        "url": "https://minecraft.wiki/w/File:Cobblestone.png",
        "type": "Default"
      }
    ]
  },
  {
    "word": "Command Block",
    "standardized": "Command Block",
    "chinese": "命令方块",
    "phonetic": "/kəˈmænd blɑk/",
    "phrase": "command block redstone",
    "phraseTranslation": "命令方块红石",
    "difficulty": "advanced",
    "category": "block",
    "imageURLs": [
      {
        "filename": "Command_Block.png",
        "url": "https://minecraft.wiki/w/File:Command_Block.png",
        "type": "Default"
      }
    ]
  },
  {
    "word": "Composter",
    "standardized": "Composter",
    "chinese": "堆肥桶",
    "phonetic": "/ˈkɑmˌpoʊstər/",
    "phrase": "composter bone meal",
    "phraseTranslation": "堆肥桶骨粉",
    "difficulty": "intermediate",
    "category": "block",
    "imageURLs": [
      {
        "filename": "Composter.png",
        "url": "https://minecraft.wiki/w/File:Composter.png",
        "type": "Default"
      }
    ]
  },
  {
    "word": "Crafting Table",
    "standardized": "Crafting Table",
    "chinese": "工作台",
    "phonetic": "/ˈkræftɪŋ ˈteɪbəl/",
    "phrase": "crafting table recipe",
    "phraseTranslation": "工作台配方",
    "difficulty": "basic",
    "category": "block",
    "imageURLs": [
      {
        "filename": "Crafting_Table.png",
        "url": "https://minecraft.wiki/w/File:Crafting_Table.png",
        "type": "Default"
      }
    ]
  },
  {
    "word": "Deepslate",
    "standardized": "Deepslate",
    "chinese": "深板岩",
    "phonetic": "/ˈdipˌsleɪt/",
    "phrase": "deepslate ore mining",
    "phraseTranslation": "深板岩矿石开采",
    "difficulty": "intermediate",
    "category": "block",
    "imageURLs": [
      {
        "filename": "Deepslate.png",
        "url": "https://minecraft.wiki/w/File:Deepslate.png",
        "type": "Default"
      }
    ]
  },
  {
    "word": "Diamond Ore",
    "standardized": "Diamond Ore",
    "chinese": "钻石矿石",
    "phonetic": "/ˈdaɪmənd ɔr/",
    "phrase": "diamond ore fortune",
    "phraseTranslation": "钻石矿石时运",
    "difficulty": "advanced",
    "category": "block",
    "imageURLs": [
      {
        "filename": "Diamond_Ore.png",
        "url": "https://minecraft.wiki/w/File:Diamond_Ore.png",
        "type": "Default"
      }
    ]
  },
  {
    "word": "Dirt",
    "standardized": "Dirt",
    "chinese": "泥土",
    "phonetic": "/dɜrt/",
    "phrase": "grass dirt path",
    "phraseTranslation": "草地泥土小径",
    "difficulty": "basic",
    "category": "block",
    "imageURLs": [
      {
        "filename": "Dirt.png",
        "url": "https://minecraft.wiki/w/File:Dirt.png",
        "type": "Default"
      }
    ]
  },
  {
    "word": "Dispenser",
    "standardized": "Dispenser",
    "chinese": "发射器",
    "phonetic": "/dɪˈspɛnsər/",
    "phrase": "dispenser automatic redstone",
    "phraseTranslation": "发射器自动红石",
    "difficulty": "intermediate",
    "category": "block",
    "imageURLs": [
      {
        "filename": "Dispenser.png",
        "url": "https://minecraft.wiki/w/File:Dispenser.png",
        "type": "Default"
      }
    ]
  },
  {
    "word": "Dragon Egg",
    "standardized": "Dragon Egg",
    "chinese": "龙蛋",
    "phonetic": "/ˈdrægən ɛg/",
    "phrase": "dragon egg trophy",
    "phraseTranslation": "龙蛋奖杯",
    "difficulty": "advanced",
    "category": "block",
    "imageURLs": [
      {
        "filename": "Dragon_Egg.png",
        "url": "https://minecraft.wiki/w/File:Dragon_Egg.png",
        "type": "Default"
      }
    ]
  },
  {
    "word": "Dropper",
    "standardized": "Dropper",
    "chinese": "投掷器",
    "phonetic": "/ˈdrɑpər/",
    "phrase": "dropper item transport",
    "phraseTranslation": "投掷器物品传输",
    "difficulty": "intermediate",
    "category": "block",
    "imageURLs": [
      {
        "filename": "Dropper.png",
        "url": "https://minecraft.wiki/w/File:Dropper.png",
        "type": "Default"
      }
    ]
  },
  {
    "word": "Emerald Ore",
    "standardized": "Emerald Ore",
    "chinese": "绿宝石矿石",
    "phonetic": "/ˈɛmərəld ɔr/",
    "phrase": "emerald ore mountain",
    "phraseTranslation": "绿宝石矿石山地",
    "difficulty": "advanced",
    "category": "block",
    "imageURLs": [
      {
        "filename": "Emerald_Ore.png",
        "url": "https://minecraft.wiki/w/File:Emerald_Ore.png",
        "type": "Default"
      }
    ]
  },
  {
    "word": "Enchanting Table",
    "standardized": "Enchanting Table",
    "chinese": "附魔台",
    "phonetic": "/ɪnˈtʃæntɪŋ ˈteɪbəl/",
    "phrase": "enchanting table bookshelf",
    "phraseTranslation": "附魔台书架",
    "difficulty": "advanced",
    "category": "block",
    "imageURLs": [
      {
        "filename": "Enchanting_Table.png",
        "url": "https://minecraft.wiki/w/File:Enchanting_Table.png",
        "type": "Default"
      }
    ]
  },
  {
    "word": "End Stone",
    "standardized": "End Stone",
    "chinese": "末地石",
    "phonetic": "/ɛnd stoʊn/",
    "phrase": "end stone dimension",
    "phraseTranslation": "末地石维度",
    "difficulty": "advanced",
    "category": "block",
    "imageURLs": [
      {
        "filename": "End_Stone.png",
        "url": "https://minecraft.wiki/w/File:End_Stone.png",
        "type": "Default"
      }
    ]
  },
  {
    "word": "Ender Chest",
    "standardized": "Ender Chest",
    "chinese": "末影箱",
    "phonetic": "/ˈɛndər tʃɛst/",
    "phrase": "ender chest storage",
    "phraseTranslation": "末影箱存储",
    "difficulty": "advanced",
    "category": "block",
    "imageURLs": [
      {
        "filename": "Ender_Chest.png",
        "url": "https://minecraft.wiki/w/File:Ender_Chest.png",
        "type": "Default"
      }
    ]
  },
  {
    "word": "Farmland",
    "standardized": "Farmland",
    "chinese": "耕地",
    "phonetic": "/ˈfɑrmˌlænd/",
    "phrase": "farmland crops growing",
    "phraseTranslation": "耕地农作物种植",
    "difficulty": "basic",
    "category": "block",
    "imageURLs": [
      {
        "filename": "Farmland.png",
        "url": "https://minecraft.wiki/w/File:Farmland.png",
        "type": "Default"
      }
    ]
  },
  {
    "word": "Fire",
    "standardized": "Fire",
    "chinese": "火",
    "phonetic": "/faɪər/",
    "phrase": "fire spread burning",
    "phraseTranslation": "火焰蔓延燃烧",
    "difficulty": "basic",
    "category": "block",
    "imageURLs": [
      {
        "filename": "Fire.png",
        "url": "https://minecraft.wiki/w/File:Fire.png",
        "type": "Default"
      }
    ]
  },
  {
    "word": "Furnace",
    "standardized": "Furnace",
    "chinese": "熔炉",
    "phonetic": "/ˈfɜrnɪs/",
    "phrase": "furnace smelting ore",
    "phraseTranslation": "熔炉冶炼矿石",
    "difficulty": "basic",
    "category": "block",
    "imageURLs": [
      {
        "filename": "Furnace.png",
        "url": "https://minecraft.wiki/w/File:Furnace.png",
        "type": "Default"
      }
    ]
  },
  {
    "word": "Glass",
    "standardized": "Glass",
    "chinese": "玻璃",
    "phonetic": "/glæs/",
    "phrase": "stained glass pane",
    "phraseTranslation": "染色玻璃板",
    "difficulty": "basic",
    "category": "block",
    "imageURLs": [
      {
        "filename": "Glass.png",
        "url": "https://minecraft.wiki/w/File:Glass.png",
        "type": "Default"
      }
    ]
  },
  {
    "word": "Glowstone",
    "standardized": "Glowstone",
    "chinese": "荧石",
    "phonetic": "/ˈgloʊˌstoʊn/",
    "phrase": "glowstone dust brewing",
    "phraseTranslation": "荧石粉酿造",
    "difficulty": "intermediate",
    "category": "block",
    "imageURLs": [
      {
        "filename": "Glowstone.png",
        "url": "https://minecraft.wiki/w/File:Glowstone.png",
        "type": "Default"
      }
    ]
  },
  {
    "word": "Gold Ore",
    "standardized": "Gold Ore",
    "chinese": "金矿石",
    "phonetic": "/goʊld ɔr/",
    "phrase": "gold ore fortune",
    "phraseTranslation": "金矿石时运",
    "difficulty": "intermediate",
    "category": "block",
    "imageURLs": [
      {
        "filename": "Gold_Ore.png",
        "url": "https://minecraft.wiki/w/File:Gold_Ore.png",
        "type": "Default"
      }
    ]
  },
  {
    "word": "Granite",
    "standardized": "Granite",
    "chinese": "花岗岩",
    "phonetic": "/ˈgrænɪt/",
    "phrase": "polished granite stairs",
    "phraseTranslation": "磨制花岗岩楼梯",
    "difficulty": "intermediate",
    "category": "block",
    "imageURLs": [
      {
        "filename": "Granite.png",
        "url": "https://minecraft.wiki/w/File:Granite.png",
        "type": "Default"
      }
    ]
  },
  {
    "word": "Grass Block",
    "standardized": "Grass Block",
    "chinese": "草方块",
    "phonetic": "/græs blɑk/",
    "phrase": "grass block spreading",
    "phraseTranslation": "草方块蔓延",
    "difficulty": "basic",
    "category": "block",
    "imageURLs": [
      {
        "filename": "Grass_Block.png",
        "url": "https://minecraft.wiki/w/File:Grass_Block.png",
        "type": "Default"
      }
    ]
  },
  {
    "word": "Gravel",
    "standardized": "Gravel",
    "chinese": "沙砾",
    "phonetic": "/ˈgrævəl/",
    "phrase": "gravel flint drop",
    "phraseTranslation": "沙砾燧石掉落",
    "difficulty": "basic",
    "category": "block",
    "imageURLs": [
      {
        "filename": "Gravel.png",
        "url": "https://minecraft.wiki/w/File:Gravel.png",
        "type": "Default"
      }
    ]
  },
  {
    "word": "Hopper",
    "standardized": "Hopper",
    "chinese": "漏斗",
    "phonetic": "/ˈhɑpər/",
    "phrase": "hopper item transport",
    "phraseTranslation": "漏斗物品传输",
    "difficulty": "intermediate",
    "category": "block",
    "imageURLs": [
      {
        "filename": "Hopper.png",
        "url": "https://minecraft.wiki/w/File:Hopper.png",
        "type": "Default"
      }
    ]
  },
  {
    "word": "Ice",
    "standardized": "Ice",
    "chinese": "冰",
    "phonetic": "/aɪs/",
    "phrase": "ice melting water",
    "phraseTranslation": "冰融化水",
    "difficulty": "basic",
    "category": "block",
    "imageURLs": [
      {
        "filename": "Ice.png",
        "url": "https://minecraft.wiki/w/File:Ice.png",
        "type": "Default"
      }
    ]
  },
  {
    "word": "Iron Bars",
    "standardized": "Iron Bars",
    "chinese": "铁栏杆",
    "phonetic": "/ˈaɪərn bɑrz/",
    "phrase": "iron bars window",
    "phraseTranslation": "铁栏杆窗户",
    "difficulty": "intermediate",
    "category": "block",
    "imageURLs": [
      {
        "filename": "Iron_Bars.png",
        "url": "https://minecraft.wiki/w/File:Iron_Bars.png",
        "type": "Default"
      }
    ]
  },
  {
    "word": "Iron Door",
    "standardized": "Iron Door",
    "chinese": "铁门",
    "phonetic": "/ˈaɪərn dɔr/",
    "phrase": "iron door redstone",
    "phraseTranslation": "铁门红石",
    "difficulty": "intermediate",
    "category": "block",
    "imageURLs": [
      {
        "filename": "Iron_Door.png",
        "url": "https://minecraft.wiki/w/File:Iron_Door.png",
        "type": "Default"
      }
    ]
  },
  {
    "word": "Iron Ore",
    "standardized": "Iron Ore",
    "chinese": "铁矿石",
    "phonetic": "/ˈaɪərn ɔr/",
    "phrase": "iron ore smelting",
    "phraseTranslation": "铁矿石冶炼",
    "difficulty": "basic",
    "category": "block",
    "imageURLs": [
      {
        "filename": "Iron_Ore.png",
        "url": "https://minecraft.wiki/w/File:Iron_Ore.png",
        "type": "Default"
      }
    ]
  },
  {
    "word": "Jukebox",
    "standardized": "Jukebox",
    "chinese": "唱片机",
    "phonetic": "/ˈdʒukˌbɑks/",
    "phrase": "jukebox music disc",
    "phraseTranslation": "唱片机音乐唱片",
    "difficulty": "intermediate",
    "category": "block",
    "imageURLs": [
      {
        "filename": "Jukebox.png",
        "url": "https://minecraft.wiki/w/File:Jukebox.png",
        "type": "Default"
      }
    ]
  },
  {
    "word": "Ladder",
    "standardized": "Ladder",
    "chinese": "梯子",
    "phonetic": "/ˈlædər/",
    "phrase": "ladder climbing vertical",
    "phraseTranslation": "梯子攀爬垂直",
    "difficulty": "basic",
    "category": "block",
    "imageURLs": [
      {
        "filename": "Ladder.png",
        "url": "https://minecraft.wiki/w/File:Ladder.png",
        "type": "Default"
      }
    ]
  },
  {
    "word": "Lantern",
    "standardized": "Lantern",
    "chinese": "灯笼",
    "phonetic": "/ˈlæntərn/",
    "phrase": "soul lantern hanging",
    "phraseTranslation": "灵魂灯笼悬挂",
    "difficulty": "intermediate",
    "category": "block",
    "imageURLs": [
      {
        "filename": "Lantern.png",
        "url": "https://minecraft.wiki/w/File:Lantern.png",
        "type": "Default"
      }
    ]
  },
  {
    "word": "Lava",
    "standardized": "Lava",
    "chinese": "熔岩",
    "phonetic": "/ˈlɑvə/",
    "phrase": "lava bucket obsidian",
    "phraseTranslation": "熔岩桶黑曜石",
    "difficulty": "basic",
    "category": "block",
    "imageURLs": [
      {
        "filename": "Lava.png",
        "url": "https://minecraft.wiki/w/File:Lava.png",
        "type": "Default"
      }
    ]
  },
  {
    "word": "Leaves",
    "standardized": "Leaves",
    "chinese": "树叶",
    "phonetic": "/ˈlɪv/",
    "phrase": "leaves falling",
    "phraseTranslation": "树叶掉落",
    "difficulty": "basic",
    "category": "block",
    "imageURLs": [
      {
        "filename": "Leaves.png",
        "url": "https://minecraft.wiki/w/File:Leaves.png",
        "type": "Default"
      }
    ]
  },
  {
    "word": "Light",
    "standardized": "Light",
    "chinese": "灯",
    "phonetic": "/ˈlɪɡht/",
    "phrase": "light source torch",
    "phraseTranslation": "灯源火把",
    "difficulty": "basic",
    "category": "block",
    "imageURLs": [
      {
        "filename": "Light.png",
        "url": "https://minecraft.wiki/w/File:Light.png",
        "type": "Default"
      }
    ]
  }
]