[
  {
    "word": "Dark Forest",
    "standardized": "Dark Forest",
    "chinese": "黑森林",
    "phonetic": "/dɑrk ˈfɔrəst/",
    "phrase": "dark oak forest",
    "phraseTranslation": "深色橡木森林",
    "difficulty": "intermediate",
    "category": "biome",
    "imageURLs": [{"filename": "Dark_Forest.png", "url": "https://minecraft.wiki/w/File:Dark_Forest.png", "type": "Default"}]
   },
  {
    "word": "Deep Cold Ocean",
    "standardized": "Deep Cold Ocean",
    "chinese": "冷水深海",
    "phonetic": "/dip koʊld ˈoʊʃən/",
    "phrase": "deep cold ocean variant",
    "phraseTranslation": "深层冷水海洋变体",
    "difficulty": "advanced",
    "category": "biome",
    "imageURLs": [{"filename": "Deep_Cold_Ocean.png", "url": "https://minecraft.wiki/w/File:Deep_Cold_Ocean.png", "type": "Default"}]
  },
  {
    "word": "Deep Dark",
    "standardized": "Deep Dark",
    "chinese": "深暗之域",
    "phonetic": "/dip dɑrk/",
    "phrase": "warden deep dark biome",
    "phraseTranslation": "监守者深暗之域生物群系",
    "difficulty": "advanced",
    "category": "biome",
    "imageURLs": [{"filename": "Deep_Dark.png", "url": "https://minecraft.wiki/w/File:Deep_Dark.png", "type": "Default"}]
  },
  {
    "word": "Deep Frozen Ocean",
    "standardized": "Deep Frozen Ocean",
    "chinese": "冰冻深海",
    "phonetic": "/dip ˈfroʊzən ˈoʊʃən/",
    "phrase": "deep frozen ocean biome",
    "phraseTranslation": "深层冰冻海洋生物群系",
    "difficulty": "advanced",
    "category": "biome",
    "imageURLs": [{"filename": "Deep_Frozen_Ocean.png", "url": "https://minecraft.wiki/w/File:Deep_Frozen_Ocean.png", "type": "Default"}]
  },
  {
    "word": "Deep Lukewarm Ocean",
    "standardized": "Deep Lukewarm Ocean",
    "chinese": "温水深海",
    "phonetic": "/dip ˈlukˌwɔrm ˈoʊʃən/",
    "phrase": "deep lukewarm ocean variant",
    "phraseTranslation": "深层温水海洋变体",
    "difficulty": "advanced",
    "category": "biome",
    "imageURLs": [{"filename": "Deep_Lukewarm_Ocean.png", "url": "https://minecraft.wiki/w/File:Deep_Lukewarm_Ocean.png", "type": "Default"}]
  },
  {
    "word": "Deep Ocean",
    "standardized": "Deep Ocean",
    "chinese": "深海",
    "phonetic": "/dip ˈoʊʃən/",
    "phrase": "deep ocean monument",
    "phraseTranslation": "深海海底神殿",
    "difficulty": "intermediate",
    "category": "biome",
    "imageURLs": [{"filename": "Deep_Ocean.png", "url": "https://minecraft.wiki/w/File:Deep_Ocean.png", "type": "Default"}]
  },
  {
    "word": "Deep Warm Ocean",
    "standardized": "Deep Warm Ocean",
    "chinese": "暖水深海",
    "phonetic": "/dip wɔrm ˈoʊʃən/",
    "phrase": "deep warm ocean biome",
    "phraseTranslation": "深层暖水海洋生物群系",
    "difficulty": "advanced",
    "category": "biome",
    "imageURLs": [{"filename": "Deep_Warm_Ocean.png", "url": "https://minecraft.wiki/w/File:Deep_Warm_Ocean.png", "type": "Default"}]
  },
  {
    "word": "Desert",
    "standardized": "Desert",
    "chinese": "沙漠",
    "phonetic": "/ˈdɛzərt/",
    "phrase": "hot desert biome",
    "phraseTranslation": "炎热沙漠生物群系",
    "difficulty": "basic",
    "category": "biome",
    "imageURLs": [{"filename": "Desert.png", "url": "https://minecraft.wiki/w/File:Desert.png", "type": "Default"}]
  },
  {
    "word": "Dripstone Caves",
    "standardized": "Dripstone Caves",
    "chinese": "溶洞",
    "phonetic": "/ˈdrɪpstoʊn keɪvz/",
    "phrase": "underground dripstone caves",
    "phraseTranslation": "地下滴水石溶洞",
    "difficulty": "advanced",
    "category": "biome",
    "imageURLs": [{"filename": "Dripstone_Caves.png", "url": "https://minecraft.wiki/w/File:Dripstone_Caves.png", "type": "Default"}]
  },
  {
    "word": "End Barrens",
    "standardized": "End Barrens",
    "chinese": "末地荒地",
    "phonetic": "/ɛnd ˈbærənz/",
    "phrase": "end dimension barrens",
    "phraseTranslation": "末地维度荒地",
    "difficulty": "advanced",
    "category": "biome",
    "imageURLs": [{"filename": "End_Barrens.png", "url": "https://minecraft.wiki/w/File:End_Barrens.png", "type": "Default"}]
  },
  {
    "word": "End Highlands",
    "standardized": "End Highlands",
    "chinese": "末地高地",
    "phonetic": "/ɛnd ˈhaɪləndz/",
    "phrase": "end city highlands",
    "phraseTranslation": "末地城高地",
    "difficulty": "advanced",
    "category": "biome",
    "imageURLs": [{"filename": "End_Highlands.png", "url": "https://minecraft.wiki/w/File:End_Highlands.png", "type": "Default"}]
  },
  {
    "word": "End Midlands",
    "standardized": "End Midlands",
    "chinese": "末地内陆",
    "phonetic": "/ɛnd ˈmɪdlændz/",
    "phrase": "end dimension midlands",
    "phraseTranslation": "末地维度内陆",
    "difficulty": "advanced",
    "category": "biome",
    "imageURLs": [{"filename": "End_Midlands.png", "url": "https://minecraft.wiki/w/File:End_Midlands.png", "type": "Default"}]
  },
  {
    "word": "Eroded Badlands",
    "standardized": "Eroded Badlands",
    "chinese": "风蚀恶地",
    "phonetic": "/ɪˈroʊdəd ˈbædlændz/",
    "phrase": "wind eroded badlands",
    "phraseTranslation": "风力侵蚀恶地",
    "difficulty": "advanced",
    "category": "biome",
    "imageURLs": [{"filename": "Eroded_Badlands.png", "url": "https://minecraft.wiki/w/File:Eroded_Badlands.png", "type": "Default"}]
  },
  {
    "word": "Flower Forest",
    "standardized": "Flower Forest",
    "chinese": "繁花森林",
    "phonetic": "/ˈflaʊər ˈfɔrəst/",
    "phrase": "colorful flower forest",
    "phraseTranslation": "多彩繁花森林",
    "difficulty": "intermediate",
    "category": "biome",
    "imageURLs": [{"filename": "Flower_Forest.png", "url": "https://minecraft.wiki/w/File:Flower_Forest.png", "type": "Default"}]
  },
  {
    "word": "Forest",
    "standardized": "Forest",
    "chinese": "森林",
    "phonetic": "/ˈfɔrəst/",
    "phrase": "oak tree forest",
    "phraseTranslation": "橡树森林",
    "difficulty": "basic",
    "category": "biome",
    "imageURLs": [{"filename": "Forest.png", "url": "https://minecraft.wiki/w/File:Forest.png", "type": "Default"}]
  },
  {
    "word": "Frozen Ocean",
    "standardized": "Frozen Ocean",
    "chinese": "冻洋",
    "phonetic": "/ˈfroʊzən ˈoʊʃən/",
    "phrase": "ice covered frozen ocean",
    "phraseTranslation": "冰层覆盖冻洋",
    "difficulty": "intermediate",
    "category": "biome",
    "imageURLs": [{"filename": "Frozen_Ocean.png", "url": "https://minecraft.wiki/w/File:Frozen_Ocean.png", "type": "Default"}]
  },
  {
    "word": "Frozen Peaks",
    "standardized": "Frozen Peaks",
    "chinese": "冰封山峰",
    "phonetic": "/ˈfroʊzən piks/",
    "phrase": "snow covered frozen peaks",
    "phraseTranslation": "雪覆盖冰封山峰",
    "difficulty": "advanced",
    "category": "biome",
    "imageURLs": [{"filename": "Frozen_Peaks.png", "url": "https://minecraft.wiki/w/File:Frozen_Peaks.png", "type": "Default"}]
  },
  {
    "word": "Frozen River",
    "standardized": "Frozen River",
    "chinese": "冻河",
    "phonetic": "/ˈfroʊzən ˈrɪvər/",
    "phrase": "ice covered frozen river",
    "phraseTranslation": "冰层覆盖冻河",
    "difficulty": "intermediate",
    "category": "biome",
    "imageURLs": [{"filename": "Frozen_River.png", "url": "https://minecraft.wiki/w/File:Frozen_River.png", "type": "Default"}]
  },
  {
    "word": "Grove",
    "standardized": "Grove",
    "chinese": "雪林",
    "phonetic": "/ɡroʊv/",
    "phrase": "snowy grove biome",
    "phraseTranslation": "雪地树林生物群系",
    "difficulty": "advanced",
    "category": "biome",
    "imageURLs": [{"filename": "Grove.png", "url": "https://minecraft.wiki/w/File:Grove.png", "type": "Default"}]
  },
  {
    "word": "Ice Spikes",
    "standardized": "Ice Spikes",
    "chinese": "冰刺之地",
    "phonetic": "/aɪs spaɪks/",
    "phrase": "tall ice spikes biome",
    "phraseTranslation": "高耸冰刺之地生物群系",
    "difficulty": "advanced",
    "category": "biome",
    "imageURLs": [{"filename": "Ice_Spikes.png", "url": "https://minecraft.wiki/w/File:Ice_Spikes.png", "type": "Default"}]
  },
  {
    "word": "Jagged Peaks",
    "standardized": "Jagged Peaks",
    "chinese": "尖峭山峰",
    "phonetic": "/ˈdʒæɡəd piks/",
    "phrase": "sharp jagged mountain peaks",
    "phraseTranslation": "锋利尖峭山峰",
    "difficulty": "advanced",
    "category": "biome",
    "imageURLs": [{"filename": "Jagged_Peaks.png", "url": "https://minecraft.wiki/w/File:Jagged_Peaks.png", "type": "Default"}]
  },
  {
    "word": "Jungle",
    "standardized": "Jungle",
    "chinese": "丛林",
    "phonetic": "/ˈdʒʌŋɡəl/",
    "phrase": "tropical jungle biome",
    "phraseTranslation": "热带丛林生物群系",
    "difficulty": "basic",
    "category": "biome",
    "imageURLs": [{"filename": "Jungle.png", "url": "https://minecraft.wiki/w/File:Jungle.png", "type": "Default"}]
  },
  {
    "word": "Lukewarm Ocean",
    "standardized": "Lukewarm Ocean",
    "chinese": "温水海洋",
    "phonetic": "/ˈlukˌwɔrm ˈoʊʃən/",
    "phrase": "temperate lukewarm ocean",
    "phraseTranslation": "温带温水海洋",
    "difficulty": "intermediate",
    "category": "biome",
    "imageURLs": [{"filename": "Lukewarm_Ocean.png", "url": "https://minecraft.wiki/w/File:Lukewarm_Ocean.png", "type": "Default"}]
  },
  {
    "word": "Lush Caves",
    "standardized": "Lush Caves",
    "chinese": "繁茂洞穴",
    "phonetic": "/lʌʃ keɪvz/",
    "phrase": "underground lush caves",
    "phraseTranslation": "地下繁茂洞穴",
    "difficulty": "advanced",
    "category": "biome",
    "imageURLs": [{"filename": "Lush_Caves.png", "url": "https://minecraft.wiki/w/File:Lush_Caves.png", "type": "Default"}]
  },
  {
    "word": "Mangrove Swamp",
    "standardized": "Mangrove Swamp",
    "chinese": "红树林沼泽",
    "phonetic": "/ˈmæŋɡroʊv swæmp/",
    "phrase": "tropical mangrove swamp",
    "phraseTranslation": "热带红树林沼泽",
    "difficulty": "advanced",
    "category": "biome",
    "imageURLs": [{"filename": "Mangrove_Swamp.png", "url": "https://minecraft.wiki/w/File:Mangrove_Swamp.png", "type": "Default"}]
  },
  {
    "word": "Meadow",
    "standardized": "Meadow",
    "chinese": "草甸",
    "phonetic": "/ˈmɛdoʊ/",
    "phrase": "mountain meadow biome",
    "phraseTranslation": "山地草甸生物群系",
    "difficulty": "advanced",
    "category": "biome",
    "imageURLs": [{"filename": "Meadow.png", "url": "https://minecraft.wiki/w/File:Meadow.png", "type": "Default"}]
  },
  {
    "word": "Mushroom Fields",
    "standardized": "Mushroom Fields",
    "chinese": "蘑菇岛",
    "phonetic": "/ˈmʌʃrum fildz/",
    "phrase": "rare mushroom island biome",
    "phraseTranslation": "稀有蘑菇岛生物群系",
    "difficulty": "advanced",
    "category": "biome",
    "imageURLs": [{"filename": "Mushroom_Fields.png", "url": "https://minecraft.wiki/w/File:Mushroom_Fields.png", "type": "Default"}]
  },
  {
    "word": "Nether",
    "standardized": "Nether",
    "chinese": "下界",
    "phonetic": "/ˈnɛðər/",
    "phrase": "hell dimension nether",
    "phraseTranslation": "地狱维度下界",
    "difficulty": "intermediate",
    "category": "biome",
    "imageURLs": [{"filename": "Nether.png", "url": "https://minecraft.wiki/w/File:Nether.png", "type": "Default"}]
  },
  {
    "word": "Nether Wastes",
    "standardized": "Nether Wastes",
    "chinese": "下界荒地",
    "phonetic": "/ˈnɛðər weɪsts/",
    "phrase": "default nether wastes",
    "phraseTranslation": "默认下界荒地",
    "difficulty": "advanced",
    "category": "biome",
    "imageURLs": [{"filename": "Nether_Wastes.png", "url": "https://minecraft.wiki/w/File:Nether_Wastes.png", "type": "Default"}]
  },
  {
    "word": "Ocean",
    "standardized": "Ocean",
    "chinese": "海洋",
    "phonetic": "/ˈoʊʃən/",
    "phrase": "vast ocean biome",
    "phraseTranslation": "广阔海洋生物群系",
    "difficulty": "basic",
    "category": "biome",
    "imageURLs": [{"filename": "Ocean.png", "url": "https://minecraft.wiki/w/File:Ocean.png", "type": "Default"}]
  },
  {
    "word": "Old Growth Birch Forest",
    "standardized": "Old Growth Birch Forest",
    "chinese": "原始桦木森林",
    "phonetic": "/oʊld ɡroʊθ bɜrtʃ ˈfɔrəst/",
    "phrase": "tall birch forest variant",
    "phraseTranslation": "高大白桦森林变体",
    "difficulty": "advanced",
    "category": "biome",
    "imageURLs": [{"filename": "Old_Growth_Birch_Forest.png", "url": "https://minecraft.wiki/w/File:Old_Growth_Birch_Forest.png", "type": "Default"}]
  },
  {
    "word": "Old Growth Pine Taiga",
    "standardized": "Old Growth Pine Taiga",
    "chinese": "原始松木针叶林",
    "phonetic": "/oʊld ɡroʊθ paɪn ˈtaɪɡə/",
    "phrase": "giant pine taiga forest",
    "phraseTranslation": "巨型松木针叶林",
    "difficulty": "advanced",
    "category": "biome",
    "imageURLs": [{"filename": "Old_Growth_Pine_Taiga.png", "url": "https://minecraft.wiki/w/File:Old_Growth_Pine_Taiga.png", "type": "Default"}]
  },
  {
    "word": "Old Growth Spruce Taiga",
    "standardized": "Old Growth Spruce Taiga",
    "chinese": "原始云杉针叶林",
    "phonetic": "/oʊld ɡroʊθ sprus ˈtaɪɡə/",
    "phrase": "giant spruce taiga forest",
    "phraseTranslation": "巨型云杉针叶林",
    "difficulty": "advanced",
    "category": "biome",
    "imageURLs": [{"filename": "Old_Growth_Spruce_Taiga.png", "url": "https://minecraft.wiki/w/File:Old_Growth_Spruce_Taiga.png", "type": "Default"}]
  },
  {
    "word": "Plains",
    "standardized": "Plains",
    "chinese": "平原",
    "phonetic": "/pleɪnz/",
    "phrase": "grassy plains biome",
    "phraseTranslation": "草地平原生物群系",
    "difficulty": "basic",
    "category": "biome",
    "imageURLs": [{"filename": "Plains.png", "url": "https://minecraft.wiki/w/File:Plains.png", "type": "Default"}]
  },
  {
    "word": "River",
    "standardized": "River",
    "chinese": "河流",
    "phonetic": "/ˈrɪvər/",
    "phrase": "flowing river biome",
    "phraseTranslation": "流动河流生物群系",
    "difficulty": "basic",
    "category": "biome",
    "imageURLs": [{"filename": "River.png", "url": "https://minecraft.wiki/w/File:River.png", "type": "Default"}]
  },
  {
    "word": "Savanna",
    "standardized": "Savanna",
    "chinese": "热带草原",
    "phonetic": "/səˈvænə/",
    "phrase": "acacia savanna biome",
    "phraseTranslation": "金合欢热带草原生物群系",
    "difficulty": "intermediate",
    "category": "biome",
    "imageURLs": [{"filename": "Savanna.png", "url": "https://minecraft.wiki/w/File:Savanna.png", "type": "Default"}]
  },
  {
    "word": "Savanna Plateau",
    "standardized": "Savanna Plateau",
    "chinese": "热带高原",
    "phonetic": "/səˈvænə plæˈtoʊ/",
    "phrase": "elevated savanna plateau",
    "phraseTranslation": "高海拔热带草原高原",
    "difficulty": "advanced",
    "category": "biome",
    "imageURLs": [{"filename": "Savanna_Plateau.png", "url": "https://minecraft.wiki/w/File:Savanna_Plateau.png", "type": "Default"}]
  },
  {
    "word": "Small End Islands",
    "standardized": "Small End Islands",
    "chinese": "末地小型岛屿",
    "phonetic": "/smɔl ɛnd ˈaɪləndz/",
    "phrase": "small end islands biome",
    "phraseTranslation": "末地小型岛屿生物群系",
    "difficulty": "advanced",
    "category": "biome",
    "imageURLs": [{"filename": "Small_End_Islands.png", "url": "https://minecraft.wiki/w/File:Small_End_Islands.png", "type": "Default"}]
  },
  {
    "word": "Snowy Beach",
    "standardized": "Snowy Beach",
    "chinese": "积雪沙滩",
    "phonetic": "/ˈsnoʊi bitʃ/",
    "phrase": "snow covered beach",
    "phraseTranslation": "雪覆盖沙滩",
    "difficulty": "intermediate",
    "category": "biome",
    "imageURLs": [{"filename": "Snowy_Beach.png", "url": "https://minecraft.wiki/w/File:Snowy_Beach.png", "type": "Default"}]
  },
  {
    "word": "Snowy Mountains",
    "standardized": "Snowy Mountains",
    "chinese": "雪山",
    "phonetic": "/ˈsnoʊi ˈmaʊntənz/",
    "phrase": "snow capped mountains",
    "phraseTranslation": "雪顶山脉",
    "difficulty": "intermediate",
    "category": "biome",
    "imageURLs": [{"filename": "Snowy_Mountains.png", "url": "https://minecraft.wiki/w/File:Snowy_Mountains.png", "type": "Default"}]
  },
  {
    "word": "Snowy Plains",
    "standardized": "Snowy Plains",
    "chinese": "雪原",
    "phonetic": "/ˈsnoʊi pleɪnz/",
    "phrase": "snow covered plains",
    "phraseTranslation": "雪覆盖平原",
    "difficulty": "basic",
    "category": "biome",
    "imageURLs": [{"filename": "Snowy_Plains.png", "url": "https://minecraft.wiki/w/File:Snowy_Plains.png", "type": "Default"}]
  },
  {
    "word": "Snowy Slopes",
    "standardized": "Snowy Slopes",
    "chinese": "积雪山坡",
    "phonetic": "/ˈsnoʊi sloʊps/",
    "phrase": "mountain snowy slopes",
    "phraseTranslation": "山地积雪山坡",
    "difficulty": "advanced",
    "category": "biome",
    "imageURLs": [{"filename": "Snowy_Slopes.png", "url": "https://minecraft.wiki/w/File:Snowy_Slopes.png", "type": "Default"}]
  },
  {
    "word": "Snowy Taiga",
    "standardized": "Snowy Taiga",
    "chinese": "积雪针叶林",
    "phonetic": "/ˈsnoʊi ˈtaɪɡə/",
    "phrase": "cold snowy taiga",
    "phraseTranslation": "寒冷积雪针叶林",
    "difficulty": "intermediate",
    "category": "biome",
    "imageURLs": [{"filename": "Snowy_Taiga.png", "url": "https://minecraft.wiki/w/File:Snowy_Taiga.png", "type": "Default"}]
  },
  {
    "word": "Soul Sand Valley",
    "standardized": "Soul Sand Valley",
    "chinese": "灵魂沙峡谷",
    "phonetic": "/soʊl sænd ˈvæli/",
    "phrase": "nether soul sand valley",
    "phraseTranslation": "下界灵魂沙峡谷",
    "difficulty": "advanced",
    "category": "biome",
    "imageURLs": [{"filename": "Soul_Sand_Valley.png", "url": "https://minecraft.wiki/w/File:Soul_Sand_Valley.png", "type": "Default"}]
  },
  {
    "word": "Sparse Jungle",
    "standardized": "Sparse Jungle",
    "chinese": "稀疏丛林",
    "phonetic": "/spɛrs ˈdʒʌŋɡəl/",
    "phrase": "sparse jungle variant",
    "phraseTranslation": "稀疏丛林变体",
    "difficulty": "advanced",
    "category": "biome",
    "imageURLs": [{"filename": "Sparse_Jungle.png", "url": "https://minecraft.wiki/w/File:Sparse_Jungle.png", "type": "Default"}]
  },
  {
    "word": "Stony Peaks",
    "standardized": "Stony Peaks",
    "chinese": "裸岩山峰",
    "phonetic": "/ˈstoʊni piks/",
    "phrase": "rocky stony peaks",
    "phraseTranslation": "岩石裸岩山峰",
    "difficulty": "advanced",
    "category": "biome",
    "imageURLs": [{"filename": "Stony_Peaks.png", "url": "https://minecraft.wiki/w/File:Stony_Peaks.png", "type": "Default"}]
  },
  {
    "word": "Stony Shore",
    "standardized": "Stony Shore",
    "chinese": "石岸",
    "phonetic": "/ˈstoʊni ʃɔr/",
    "phrase": "rocky stone shore",
    "phraseTranslation": "岩石石质海岸",
    "difficulty": "intermediate",
    "category": "biome",
    "imageURLs": [{"filename": "Stony_Shore.png", "url": "https://minecraft.wiki/w/File:Stony_Shore.png", "type": "Default"}]
  },
  {
    "word": "Sunflower Plains",
    "standardized": "Sunflower Plains",
    "chinese": "向日葵平原",
    "phonetic": "/ˈsʌnˌflaʊər pleɪnz/",
    "phrase": "sunflower plains variant",
    "phraseTranslation": "向日葵平原变体",
    "difficulty": "intermediate",
    "category": "biome",
    "imageURLs": [{"filename": "Sunflower_Plains.png", "url": "https://minecraft.wiki/w/File:Sunflower_Plains.png", "type": "Default"}]
  },
  {
    "word": "Swamp",
    "standardized": "Swamp",
    "chinese": "沼泽",
    "phonetic": "/swæmp/",
    "phrase": "dark swamp biome",
    "phraseTranslation": "黑暗沼泽生物群系",
    "difficulty": "basic",
    "category": "biome",
    "imageURLs": [{"filename": "Swamp.png", "url": "https://minecraft.wiki/w/File:Swamp.png", "type": "Default"}]
  },
  {
    "word": "Taiga",
    "standardized": "Taiga",
    "chinese": "针叶林",
    "phonetic": "/ˈtaɪɡə/",
    "phrase": "spruce taiga forest",
    "phraseTranslation": "云杉针叶林",
    "difficulty": "basic",
    "category": "biome",
    "imageURLs": [{"filename": "Taiga.png", "url": "https://minecraft.wiki/w/File:Taiga.png", "type": "Default"}]
  },
  {
    "word": "The End",
    "standardized": "The End",
    "chinese": "末地",
    "phonetic": "/ðə ɛnd/",
    "phrase": "end dimension biome",
    "phraseTranslation": "末地维度生物群系",
    "difficulty": "advanced",
    "category": "biome",
    "imageURLs": [{"filename": "The_End.png", "url": "https://minecraft.wiki/w/File:The_End.png", "type": "Default"}]
  },
  {
    "word": "The Void",
    "standardized": "The Void",
    "chinese": "虚空",
    "phonetic": "/ðə vɔɪd/",
    "phrase": "empty void biome",
    "phraseTranslation": "空虚虚空生物群系",
    "difficulty": "advanced",
    "category": "biome",
    "imageURLs": [{"filename": "The_Void.png", "url": "https://minecraft.wiki/w/File:The_Void.png", "type": "Default"}]
  },
  {
    "word": "Tundra",
    "standardized": "Tundra",
    "chinese": "冻原",
    "phonetic": "/ˈtʌndrə/",
    "phrase": "frozen tundra biome",
    "phraseTranslation": "冰冻苔原生物群系",
    "difficulty": "intermediate",
    "category": "biome",
    "imageURLs": [{"filename": "Tundra.png", "url": "https://minecraft.wiki/w/File:Tundra.png", "type": "Default"}]
  },
  {
    "word": "Warm Ocean",
    "standardized": "Warm Ocean",
    "chinese": "暖水海洋",
    "phonetic": "/wɔrm ˈoʊʃən/",
    "phrase": "tropical warm ocean",
    "phraseTranslation": "热带暖水海洋",
    "difficulty": "intermediate",
    "category": "biome",
    "imageURLs": [{"filename": "Warm_Ocean.png", "url": "https://minecraft.wiki/w/File:Warm_Ocean.png", "type": "Default"}]
  },
  {
    "word": "Warped Forest",
    "standardized": "Warped Forest",
    "chinese": "诡异森林",
    "phonetic": "/wɔrpt ˈfɔrəst/",
    "phrase": "nether warped forest",
    "phraseTranslation": "下界诡异森林",
    "difficulty": "advanced",
    "category": "biome",
    "imageURLs": [{"filename": "Warped_Forest.png", "url": "https://minecraft.wiki/w/File:Warped_Forest.png", "type": "Default"}]
  },
  {
    "word": "Windswept Forest",
    "standardized": "Windswept Forest",
    "chinese": "风袭森林",
    "phonetic": "/ˈwɪndˌswɛpt ˈfɔrəst/",
    "phrase": "mountain windswept forest",
    "phraseTranslation": "山地风袭森林",
    "difficulty": "advanced",
    "category": "biome",
    "imageURLs": [{"filename": "Windswept_Forest.png", "url": "https://minecraft.wiki/w/File:Windswept_Forest.png", "type": "Default"}]
  },
  {
    "word": "Windswept Gravelly Hills",
    "standardized": "Windswept Gravelly Hills",
    "chinese": "风袭沙砾丘陵",
    "phonetic": "/ˈwɪndˌswɛpt ˈɡrævəli hɪlz/",
    "phrase": "gravel hills windswept",
    "phraseTranslation": "沙砾丘陵风袭",
    "difficulty": "advanced",
    "category": "biome",
    "imageURLs": [{"filename": "Windswept_Gravelly_Hills.png", "url": "https://minecraft.wiki/w/File:Windswept_Gravelly_Hills.png", "type": "Default"}]
  },
  {
    "word": "Windswept Hills",
    "standardized": "Windswept Hills",
    "chinese": "风袭丘陵",
    "phonetic": "/ˈwɪndˌswɛpt hɪlz/",
    "phrase": "mountain windswept hills",
    "phraseTranslation": "山地风袭丘陵",
    "difficulty": "advanced",
    "category": "biome",
    "imageURLs": [{"filename": "Windswept_Hills.png", "url": "https://minecraft.wiki/w/File:Windswept_Hills.png", "type": "Default"}]
  },
  {
    "word": "Windswept Savanna",
    "standardized": "Windswept Savanna",
    "chinese": "风袭热带草原",
    "phonetic": "/ˈwɪndˌswɛpt səˈvænə/",
    "phrase": "shattered savanna plateau",
    "phraseTranslation": "破碎热带草原高原",
    "difficulty": "advanced",
    "category": "biome",
    "imageURLs": [{"filename": "Windswept_Savanna.png", "url": "https://minecraft.wiki/w/File:Windswept_Savanna.png", "type": "Default"}]
  },
  {
    "word": "Wooded Badlands",
    "standardized": "Wooded Badlands",
    "chinese": "疏林恶地",
    "phonetic": "/ˈwʊdəd ˈbædlændz/",
    "phrase": "wooded badlands plateau",
    "phraseTranslation": "疏林恶地高原",
    "difficulty": "advanced",
    "category": "biome",
    "imageURLs": [{"filename": "Wooded_Badlands.png", "url": "https://minecraft.wiki/w/File:Wooded_Badlands.png", "type": "Default"}]
  }
][
  {
    "word": "Badlands",
    "standardized": "Badlands",
    "chinese": "恶地",
    "phonetic": "/ˈbædlændz/",
    "phrase": "mesa badlands biome",
    "phraseTranslation": "台地恶地生物群系",
    "difficulty": "intermediate",
    "category": "biome",
    "imageURLs": [{"filename": "Badlands.png", "url": "https://minecraft.wiki/w/File:Badlands.png", "type": "Default"}]
  },
  {
    "word": "Badlands Plateau",
    "standardized": "Badlands Plateau",
    "chinese": "恶地高原",
    "phonetic": "/ˈbædlændz plæˈtoʊ/",
    "phrase": "elevated badlands plateau",
    "phraseTranslation": "高海拔恶地高原",
    "difficulty": "advanced",
    "category": "biome",
    "imageURLs": [{"filename": "Badlands_Plateau.png", "url": "https://minecraft.wiki/w/File:Badlands_Plateau.png", "type": "Default"}]
  },
  {
    "word": "Bamboo Jungle",
    "standardized": "Bamboo Jungle",
    "chinese": "竹林",
    "phonetic": "/bæmˈbu ˈdʒʌŋɡəl/",
    "phrase": "dense bamboo jungle",
    "phraseTranslation": "茂密竹林",
    "difficulty": "intermediate",
    "category": "biome",
    "imageURLs": [{"filename": "Bamboo_Jungle.png", "url": "https://minecraft.wiki/w/File:Bamboo_Jungle.png", "type": "Default"}]
  },
  {
    "word": "Basalt Deltas",
    "standardized": "Basalt Deltas",
    "chinese": "玄武岩三角洲",
    "phonetic": "/bəˈsɔlt ˈdɛltəz/",
    "phrase": "nether basalt deltas",
    "phraseTranslation": "下界玄武岩三角洲",
    "difficulty": "advanced",
    "category": "biome",
    "imageURLs": [{"filename": "Basalt_Deltas.png", "url": "https://minecraft.wiki/w/File:Basalt_Deltas.png", "type": "Default"}]
  },
  {
    "word": "Beach",
    "standardized": "Beach",
    "chinese": "沙滩",
    "phonetic": "/bitʃ/",
    "phrase": "ocean sandy beach",
    "phraseTranslation": "海洋沙质海滩",
    "difficulty": "basic",
    "category": "biome",
    "imageURLs": [{"filename": "Beach.png", "url": "https://minecraft.wiki/w/File:Beach.png", "type": "Default"}]
  },
  {
    "word": "Birch Forest",
    "standardized": "Birch Forest",
    "chinese": "桦木森林",
    "phonetic": "/bɜrtʃ ˈfɔrəst/",
    "phrase": "birch tree forest",
    "phraseTranslation": "白桦树森林",
    "difficulty": "basic",
    "category": "biome",
    "imageURLs": [{"filename": "Birch_Forest.png", "url": "https://minecraft.wiki/w/File:Birch_Forest.png", "type": "Default"}]
  },
  {
    "word": "Cherry Grove",
    "standardized": "Cherry Grove",
    "chinese": "樱花树林",
    "phonetic": "/ˈtʃɛri ɡroʊv/",
    "phrase": "cherry blossom grove",
    "phraseTranslation": "樱花盛开树林",
    "difficulty": "advanced",
    "category": "biome",
    "imageURLs": [{"filename": "Cherry_Grove.png", "url": "https://minecraft.wiki/w/File:Cherry_Grove.png", "type": "Default"}]
  },
  {
    "word": "Cold Ocean",
    "standardized": "Cold Ocean",
    "chinese": "冷水海洋",
    "phonetic": "/koʊld ˈoʊʃən/",
    "phrase": "cold ocean biome",
    "phraseTranslation": "冷水海洋生物群系",
    "difficulty": "intermediate",
    "category": "biome",
    "imageURLs": [{"filename": "Cold_Ocean.png", "url": "https://minecraft.wiki/w/File:Cold_Ocean.png", "type": "Default"}]
  },
  {
    "word": "Crimson Forest",
    "standardized": "Crimson Forest",
    "chinese": "绯红森林",
    "phonetic": "/ˈkrɪmzən ˈfɔrəst/",
    "phrase": "nether crimson forest",
    "phraseTranslation": "下界绯红森林",
    "difficulty": "advanced",
    "category": "biome",
    "imageURLs": [{"filename": "Crimson_Forest.png", "url": "https://minecraft.wiki/w/File:Crimson_Forest.png", "type": "Default"}]
  },
  {
    "word": "Dark Forest",
    "standardized": "Dark Forest",
    "chinese": "黑森林",
    "phonetic": "/dɑrk ˈfɔrəst/",
    "phrase": "dark oak forest",
    "phraseTranslation": "深色橡木森林",
    "difficulty": "intermediate",
    "category": "biome",
