[
  {
    "word": "Minecraft",
    "standardized": "Minecraft",
    "chinese": "Minecraft",
    "phonetic": "/ˈmaɪnkræft/",
    "phrase": "minecraft tab",
    "phraseTranslation": "Minecraft标签",
    "difficulty": "basic",
    "category": "advancement_tab",
    "imageURLs": [
      {
        "filename": "Minecraft_Tab.png",
        "url": "https://minecraft.wiki/w/File:Minecraft_Tab.png",
        "type": "Tab Icon"
      }
    ]
  },
  {
    "word": "Stone Age",
    "standardized": "Stone Age",
    "chinese": "石器时代",
    "phonetic": "/stoʊn eɪdʒ/",
    "phrase": "stone age advancement",
    "phraseTranslation": "石器时代进度",
    "difficulty": "basic",
    "category": "advancement_minecraft",
    "imageURLs": [
      {
        "filename": "Wooden_Pickaxe.png",
        "url": "https://minecraft.wiki/w/File:Wooden_Pickaxe.png",
        "type": "Advancement Icon"
      }
    ]
  },
  {
    "word": "Getting an Upgrade",
    "standardized": "Getting an Upgrade",
    "chinese": "获得升级",
    "phonetic": "/ˈɡɛtɪŋ æn ˈʌpˌɡreɪd/",
    "phrase": "upgrade stone tools",
    "phraseTranslation": "升级石制工具",
    "difficulty": "basic",
    "category": "advancement_minecraft",
    "imageURLs": [
      {
        "filename": "Stone_Pickaxe.png",
        "url": "https://minecraft.wiki/w/File:Stone_Pickaxe.png",
        "type": "Advancement Icon"
      }
    ]
  },
  {
    "word": "Acquire Hardware",
    "standardized": "Acquire Hardware",
    "chinese": "来硬的",
    "phonetic": "/əˈkwaɪər ˈhɑrdˌwɛr/",
    "phrase": "smelt iron ingot",
    "phraseTranslation": "熔炼铁锭",
    "difficulty": "basic",
    "category": "advancement_minecraft",
    "imageURLs": [
      {
        "filename": "Iron_Ingot.png",
        "url": "https://minecraft.wiki/w/File:Iron_Ingot.png",
        "type": "Advancement Icon"
      }
    ]
  },
  {
    "word": "Suit Up",
    "standardized": "Suit Up",
    "chinese": "整装上阵",
    "phonetic": "/sut ʌp/",
    "phrase": "wear armor piece",
    "phraseTranslation": "穿戴盔甲",
    "difficulty": "basic",
    "category": "advancement_minecraft",
    "imageURLs": [
      {
        "filename": "Iron_Chestplate.png",
        "url": "https://minecraft.wiki/w/File:Iron_Chestplate.png",
        "type": "Advancement Icon"
      }
    ]
  },
  {
    "word": "Hot Stuff",
    "standardized": "Hot Stuff",
    "chinese": "热腾腾的",
    "phonetic": "/hɑt stʌf/",
    "phrase": "lava bucket",
    "phraseTranslation": "熔岩桶",
    "difficulty": "intermediate",
    "category": "advancement_minecraft",
    "imageURLs": [
      {
        "filename": "Lava_Bucket.png",
        "url": "https://minecraft.wiki/w/File:Lava_Bucket.png",
        "type": "Advancement Icon"
      }
    ]
  },
  {
    "word": "Isn't It Iron Pick",
    "standardized": "Isn't It Iron Pick",
    "chinese": "这不是铁镐么",
    "phonetic": "/ˈɪzənt ɪt ˈaɪərn pɪk/",
    "phrase": "craft iron pickaxe",
    "phraseTranslation": "制作铁镐",
    "difficulty": "intermediate",
    "category": "advancement_minecraft",
    "imageURLs": [
      {
        "filename": "Iron_Pickaxe.png",
        "url": "https://minecraft.wiki/w/File:Iron_Pickaxe.png",
        "type": "Advancement Icon"
      }
    ]
  },
  {
    "word": "Not Today, Thank You",
    "standardized": "Not Today, Thank You",
    "chinese": "不吃这套，谢谢",
    "phonetic": "/nɑt təˈdeɪ θæŋk ju/",
    "phrase": "deflect arrow with shield",
    "phraseTranslation": "用盾牌挡箭",
    "difficulty": "intermediate",
    "category": "advancement_minecraft",
    "imageURLs": [
      {
        "filename": "Shield.png",
        "url": "https://minecraft.wiki/w/File:Shield.png",
        "type": "Advancement Icon"
      }
    ]
  },
  {
    "word": "Ice Bucket Challenge",
    "standardized": "Ice Bucket Challenge",
    "chinese": "冰桶挑战",
    "phonetic": "/aɪs ˈbʌkət ˈtʃælɪndʒ/",
    "phrase": "form obsidian",
    "phraseTranslation": "形成黑曜石",
    "difficulty": "intermediate",
    "category": "advancement_minecraft",
    "imageURLs": [
      {
        "filename": "Obsidian.png",
        "url": "https://minecraft.wiki/w/File:Obsidian.png",
        "type": "Advancement Icon"
      }
    ]
  },
  {
    "word": "Diamonds!",
    "standardized": "Diamonds!",
    "chinese": "钻石！",
    "phonetic": "/ˈdaɪməndz/",
    "phrase": "mine diamond",
    "phraseTranslation": "挖掘钻石",
    "difficulty": "intermediate",
    "category": "advancement_minecraft",
    "imageURLs": [
      {
        "filename": "Diamond.png",
        "url": "https://minecraft.wiki/w/File:Diamond.png",
        "type": "Advancement Icon"
      }
    ]
  },
  {
    "word": "We Need to Go Deeper",
    "standardized": "We Need to Go Deeper",
    "chinese": "勇往直下",
    "phonetic": "/wi nid tu ɡoʊ ˈdipər/",
    "phrase": "enter the nether",
    "phraseTranslation": "进入下界",
    "difficulty": "advanced",
    "category": "advancement_minecraft",
    "imageURLs": [
      {
        "filename": "Flint_and_Steel.png",
        "url": "https://minecraft.wiki/w/File:Flint_and_Steel.png",
        "type": "Advancement Icon"
      }
    ]
  },
  {
    "word": "Cover Me with Diamonds",
    "standardized": "Cover Me with Diamonds",
    "chinese": "钻石打造的装备",
    "phonetic": "/ˈkʌvər mi wɪθ ˈdaɪməndz/",
    "phrase": "diamond armor set",
    "phraseTranslation": "钻石套装",
    "difficulty": "advanced",
    "category": "advancement_minecraft",
    "imageURLs": [
      {
        "filename": "Diamond_Chestplate.png",
        "url": "https://minecraft.wiki/w/File:Diamond_Chestplate.png",
        "type": "Advancement Icon"
      }
    ]
  },
  {
    "word": "Enchanter",
    "standardized": "Enchanter",
    "chinese": "魔法师",
    "phonetic": "/ɪnˈtʃæntər/",
    "phrase": "enchant item",
    "phraseTranslation": "附魔物品",
    "difficulty": "intermediate",
    "category": "advancement_minecraft",
    "imageURLs": [
      {
        "filename": "Enchanted_Book.png",
        "url": "https://minecraft.wiki/w/File:Enchanted_Book.png",
        "type": "Advancement Icon"
      }
    ]
  },
  {
    "word": "Zombie Doctor",
    "standardized": "Zombie Doctor",
    "chinese": "僵尸疗法",
    "phonetic": "/ˈzɑmbi ˈdɑktər/",
    "phrase": "cure zombie villager",
    "phraseTranslation": "治愈僵尸村民",
    "difficulty": "advanced",
    "category": "advancement_minecraft",
    "imageURLs": [
      {
        "filename": "Golden_Apple.png",
        "url": "https://minecraft.wiki/w/File:Golden_Apple.png",
        "type": "Advancement Icon"
      }
    ]
  },
  {
    "word": "Eye Spy",
    "standardized": "Eye Spy",
    "chinese": "隔墙有眼",
    "phonetic": "/aɪ spaɪ/",
    "phrase": "follow ender eye",
    "phraseTranslation": "跟随末影之眼",
    "difficulty": "advanced",
    "category": "advancement_minecraft",
    "imageURLs": [
      {
        "filename": "Eye_of_Ender.png",
        "url": "https://minecraft.wiki/w/File:Eye_of_Ender.png",
        "type": "Advancement Icon"
      }
    ]
  },
  {
    "word": "The End?",
    "standardized": "The End?",
    "chinese": "结束了？",
    "phonetic": "/ði ɛnd/",
    "phrase": "enter the end",
    "phraseTranslation": "进入末地",
    "difficulty": "advanced",
    "category": "advancement_minecraft",
    "imageURLs": [
      {
        "filename": "End_Portal_Frame.png",
        "url": "https://minecraft.wiki/w/File:End_Portal_Frame.png",
        "type": "Advancement Icon"
      }
    ]
  },
  {
    "word": "Nether",
    "standardized": "Nether",
    "chinese": "下界",
    "phonetic": "/ˈnɛðər/",
    "phrase": "nether dimension",
    "phraseTranslation": "下界维度",
    "difficulty": "basic",
    "category": "advancement_tab",
    "imageURLs": [
      {
        "filename": "Nether_Tab.png",
        "url": "https://minecraft.wiki/w/File:Nether_Tab.png",
        "type": "Tab Icon"
      }
    ]
  },
  {
    "word": "Return to Sender",
    "standardized": "Return to Sender",
    "chinese": "见鬼去吧",
    "phonetic": "/rɪˈtɜrn tu ˈsɛndər/",
    "phrase": "kill ghast with fireball",
    "phraseTranslation": "用火球杀死恶魂",
    "difficulty": "advanced",
    "category": "advancement_nether",
    "imageURLs": [
      {
        "filename": "Fire_Charge.png",
        "url": "https://minecraft.wiki/w/File:Fire_Charge.png",
        "type": "Advancement Icon"
      }
    ]
  },
  {
    "word": "Those Were the Days",
    "standardized": "Those Were the Days",
    "chinese": "光辉岁月",
    "phonetic": "/ðoʊz wər ði deɪz/",
    "phrase": "enter bastion remnant",
    "phraseTranslation": "进入堡垒遗迹",
    "difficulty": "intermediate",
    "category": "advancement_nether",
    "imageURLs": [
      {
        "filename": "Pigstep_Music_Disc.png",
        "url": "https://minecraft.wiki/w/File:Pigstep_Music_Disc.png",
        "type": "Advancement Icon"
      }
    ]
  },
  {
    "word": "Hidden in the Depths",
    "standardized": "Hidden in the Depths",
    "chinese": "深藏不露",
    "phonetic": "/ˈhɪdən ɪn ði dɛpθs/",
    "phrase": "obtain ancient debris",
    "phraseTranslation": "获得远古残骸",
    "difficulty": "advanced",
    "category": "advancement_nether",
    "imageURLs": [
      {
        "filename": "Ancient_Debris.png",
        "url": "https://minecraft.wiki/w/File:Ancient_Debris.png",
        "type": "Advancement Icon"
      }
    ]
  },
  {
    "word": "Subspace Bubble",
    "standardized": "Subspace Bubble",
    "chinese": "亚空间气泡",
    "phonetic": "/ˈsʌbˌspeɪs ˈbʌbəl/",
    "phrase": "nether fast travel",
    "phraseTranslation": "下界快速旅行",
    "difficulty": "expert",
    "category": "advancement_nether",
    "imageURLs": [
      {
        "filename": "Nether_Portal.png",
        "url": "https://minecraft.wiki/w/File:Nether_Portal.png",
        "type": "Advancement Icon"
      }
    ]
  },
  {
    "word": "A Terrible Fortress",
    "standardized": "A Terrible Fortress",
    "chinese": "阴森的要塞",
    "phonetic": "/ə ˈtɛrəbəl ˈfɔrtrəs/",
    "phrase": "find nether fortress",
    "phraseTranslation": "找到下界要塞",
    "difficulty": "intermediate",
    "category": "advancement_nether",
    "imageURLs": [
      {
        "filename": "Nether_Brick.png",
        "url": "https://minecraft.wiki/w/File:Nether_Brick.png",
        "type": "Advancement Icon"
      }
    ]
  },
  {
    "word": "Who is Cutting Onions?",
    "standardized": "Who is Cutting Onions?",
    "chinese": "谁在切洋葱？",
    "phonetic": "/hu ɪz ˈkʌtɪŋ ˈʌnjənz/",
    "phrase": "obtain crying obsidian",
    "phraseTranslation": "获得哭泣的黑曜石",
    "difficulty": "intermediate",
    "category": "advancement_nether",
    "imageURLs": [
      {
        "filename": "Crying_Obsidian.png",
        "url": "https://minecraft.wiki/w/File:Crying_Obsidian.png",
        "type": "Advancement Icon"
      }
    ]
  },
  {
    "word": "Oh Shiny",
    "standardized": "Oh Shiny",
    "chinese": "哦闪亮",
    "phonetic": "/oʊ ˈʃaɪni/",
    "phrase": "distract piglin with gold",
    "phraseTranslation": "用金子吸引猪灵",
    "difficulty": "intermediate",
    "category": "advancement_nether",
    "imageURLs": [
      {
        "filename": "Gold_Ingot.png",
        "url": "https://minecraft.wiki/w/File:Gold_Ingot.png",
        "type": "Advancement Icon"
      }
    ]
  },
  {
    "word": "This Boat Has Legs",
    "standardized": "This Boat Has Legs",
    "chinese": "画船添足",
    "phonetic": "/ðɪs boʊt hæz lɛɡz/",
    "phrase": "ride strider",
    "phraseTranslation": "骑乘炽足兽",
    "difficulty": "intermediate",
    "category": "advancement_nether",
    "imageURLs": [
      {
        "filename": "Warped_Fungus_on_a_Stick.png",
        "url": "https://minecraft.wiki/w/File:Warped_Fungus_on_a_Stick.png",
        "type": "Advancement Icon"
      }
    ]
  },
  {
    "word": "Uneasy Alliance",
    "standardized": "Uneasy Alliance",
    "chinese": "不安的结盟",
    "phonetic": "/ʌnˈizi əˈlaɪəns/",
    "phrase": "rescue ghast from nether",
    "phraseTranslation": "从下界拯救恶魂",
    "difficulty": "expert",
    "category": "advancement_nether",
    "imageURLs": [
      {
        "filename": "Ghast_Tear.png",
        "url": "https://minecraft.wiki/w/File:Ghast_Tear.png",
        "type": "Advancement Icon"
      }
    ]
  },
  {
    "word": "War Pigs",
    "standardized": "War Pigs",
    "chinese": "战猪",
    "phonetic": "/wɔr pɪɡz/",
    "phrase": "loot bastion treasure",
    "phraseTranslation": "掠夺堡垒财宝",
    "difficulty": "intermediate",
    "category": "advancement_nether",
    "imageURLs": [
      {
        "filename": "Piglin_Banner_Pattern.png",
        "url": "https://minecraft.wiki/w/File:Piglin_Banner_Pattern.png",
        "type": "Advancement Icon"
      }
    ]
  },
  {
    "word": "Country Lode, Take Me Home",
    "standardized": "Country Lode, Take Me Home",
    "chinese": "天涯共此石",
    "phonetic": "/ˈkʌntri loʊd teɪk mi hoʊm/",
    "phrase": "use lodestone compass",
    "phraseTranslation": "使用磁石指针",
    "difficulty": "intermediate",
    "category": "advancement_nether",
    "imageURLs": [
      {
        "filename": "Lodestone.png",
        "url": "https://minecraft.wiki/w/File:Lodestone.png",
        "type": "Advancement Icon"
      }
    ]
  },
  {
    "word": "Cover Me in Debris",
    "standardized": "Cover Me in Debris",
    "chinese": "以残骸覆身",
    "phonetic": "/ˈkʌvər mi ɪn dəˈbri/",
    "phrase": "full netherite armor",
    "phraseTranslation": "下界合金全套盔甲",
    "difficulty": "expert",
    "category": "advancement_nether",
    "imageURLs": [
      {
        "filename": "Netherite_Chestplate.png",
        "url": "https://minecraft.wiki/w/File:Netherite_Chestplate.png",
        "type": "Advancement Icon"
      }
    ]
  },
  {
    "word": "Spooky Scary Skeleton",
    "standardized": "Spooky Scary Skeleton",
    "chinese": "惊悚恐怖骷髅头",
    "phonetic": "/ˈspuki ˈskɛri ˈskɛlətən/",
    "phrase": "get wither skeleton skull",
    "phraseTranslation": "获得凋灵骷髅头颅",
    "difficulty": "advanced",
    "category": "advancement_nether",
    "imageURLs": [
      {
        "filename": "Wither_Skeleton_Skull.png",
        "url": "https://minecraft.wiki/w/File:Wither_Skeleton_Skull.png",
        "type": "Advancement Icon"
      }
    ]
  },
  {
    "word": "Into Fire",
    "standardized": "Into Fire",
    "chinese": "与火共舞",
    "phonetic": "/ˈɪntu ˈfaɪər/",
    "phrase": "get blaze rod",
    "phraseTranslation": "获得烈焰棒",
    "difficulty": "intermediate",
    "category": "advancement_nether",
    "imageURLs": [
      {
        "filename": "Blaze_Rod.png",
        "url": "https://minecraft.wiki/w/File:Blaze_Rod.png",
        "type": "Advancement Icon"
      }
    ]
  },
  {
    "word": "Not Quite \"Nine\" Lives",
    "standardized": "Not Quite \"Nine\" Lives",
    "chinese": "锚没有九条命",
    "phonetic": "/nɑt kwaɪt naɪn laɪvz/",
    "phrase": "charge respawn anchor",
    "phraseTranslation": "充能重生锚",
    "difficulty": "intermediate",
    "category": "advancement_nether",
    "imageURLs": [
      {
        "filename": "Respawn_Anchor.png",
        "url": "https://minecraft.wiki/w/File:Respawn_Anchor.png",
        "type": "Advancement Icon"
      }
    ]
  },
  {
    "word": "Feels Like Home",
    "standardized": "Feels Like Home",
    "chinese": "宾至如归",
    "phonetic": "/filz laɪk hoʊm/",
    "phrase": "ride strider in overworld lava",
    "phraseTranslation": "在主世界熔岩中骑炽足兽",
    "difficulty": "advanced",
    "category": "advancement_nether",
    "imageURLs": [
      {
        "filename": "Saddle.png",
        "url": "https://minecraft.wiki/w/File:Saddle.png",
        "type": "Advancement Icon"
      }
    ]
  },
  {
    "word": "Hot Tourist Destinations",
    "standardized": "Hot Tourist Destinations",
    "chinese": "热门旅游景点",
    "phonetic": "/hɑt ˈtʊrɪst ˌdɛstəˈneɪʃənz/",
    "phrase": "explore all nether biomes",
    "phraseTranslation": "探索所有下界生物群系",
    "difficulty": "expert",
    "category": "advancement_nether",
    "imageURLs": [
      {
        "filename": "Map.png",
        "url": "https://minecraft.wiki/w/File:Map.png",
        "type": "Advancement Icon"
      }
    ]
  },
  {
    "word": "Withering Heights",
    "standardized": "Withering Heights",
    "chinese": "凋零山庄",
    "phonetic": "/ˈwɪðərɪŋ haɪts/",
    "phrase": "summon wither",
    "phraseTranslation": "召唤凋灵",
    "difficulty": "expert",
    "category": "advancement_nether",
    "imageURLs": [
      {
        "filename": "Nether_Star.png",
        "url": "https://minecraft.wiki/w/File:Nether_Star.png",
        "type": "Advancement Icon"
      }
    ]
  },
  {
    "word": "Local Brewery",
    "standardized": "Local Brewery",
    "chinese": "本地酿造厂",
    "phonetic": "/ˈloʊkəl ˈbruəri/",
    "phrase": "brew potion",
    "phraseTranslation": "酿造药水",
    "difficulty": "intermediate",
    "category": "advancement_nether",
    "imageURLs": [
      {
        "filename": "Potion_of_Regeneration.png",
        "url": "https://minecraft.wiki/w/File:Potion_of_Regeneration.png",
        "type": "Advancement Icon"
      }
    ]
  },
  {
    "word": "Bring Home the Beacon",
    "standardized": "Bring Home the Beacon",
    "chinese": "带信标回家",
    "phonetic": "/brɪŋ hoʊm ði ˈbikən/",
    "phrase": "construct full beacon",
    "phraseTranslation": "建造完整信标",
    "difficulty": "expert",
    "category": "advancement_nether",
    "imageURLs": [
      {
        "filename": "Beacon.png",
        "url": "https://minecraft.wiki/w/File:Beacon.png",
        "type": "Advancement Icon"
      }
    ]
  },
  {
    "word": "A Furious Cocktail",
    "standardized": "A Furious Cocktail",
    "chinese": "狂乱的鸡尾酒",
    "phonetic": "/ə ˈfjʊriəs ˈkɑkˌteɪl/",
    "phrase": "have all potion effects",
    "phraseTranslation": "拥有所有药水效果",
    "difficulty": "expert",
    "category": "advancement_nether",
    "imageURLs": [
      {
        "filename": "Lingering_Potion.png",
        "url": "https://minecraft.wiki/w/File:Lingering_Potion.png",
        "type": "Advancement Icon"
      }
    ]
  },
  {
    "word": "Beaconator",
    "standardized": "Beaconator",
    "chinese": "信标工程师",
    "phonetic": "/ˈbikəˌneɪtər/",
    "phrase": "create full beacon pyramid",
    "phraseTranslation": "建造完整信标金字塔",
    "difficulty": "expert",
    "category": "advancement_nether",
    "imageURLs": [
      {
        "filename": "Beacon.png",
        "url": "https://minecraft.wiki/w/File:Beacon.png",
        "type": "Advancement Icon"
      }
    ]
  },
  {
    "word": "How Did We Get Here?",
    "standardized": "How Did We Get Here?",
    "chinese": "为什么会变成这样呢？",
    "phonetic": "/haʊ dɪd wi ɡɛt hɪr/",
    "phrase": "have all status effects",
    "phraseTranslation": "拥有所有状态效果",
    "difficulty": "master",
    "category": "advancement_nether",
    "imageURLs": [
      {
        "filename": "Bucket_of_Pufferfish.png",
        "url": "https://minecraft.wiki/w/File:Bucket_of_Pufferfish.png",
        "type": "Advancement Icon"
      }
    ]
  },
  {
    "word": "The End",
    "standardized": "The End",
    "chinese": "末地",
    "phonetic": "/ði ɛnd/",
    "phrase": "end dimension",
    "phraseTranslation": "末地维度",
    "difficulty": "basic",
    "category": "advancement_tab",
    "imageURLs": [
      {
        "filename": "End_Tab.png",
        "url": "https://minecraft.wiki/w/File:End_Tab.png",
        "type": "Tab Icon"
      }
    ]
  },
  {
    "word": "Free the End",
    "standardized": "Free the End",
    "chinese": "解放末地",
    "phonetic": "/fri ði ɛnd/",
    "phrase": "kill ender dragon",
    "phraseTranslation": "杀死末影龙",
    "difficulty": "expert",
    "category": "advancement_end",
    "imageURLs": [
      {
        "filename": "Dragon_Head.png",
        "url": "https://minecraft.wiki/w/File:Dragon_Head.png",
        "type": "Advancement Icon"
      }
    ]
  },
  {
    "word": "The Next Generation",
    "standardized": "The Next Generation",
    "chinese": "下一世代",
    "phonetic": "/ði nɛkst ˌdʒɛnəˈreɪʃən/",
    "phrase": "get dragon egg",
    "phraseTranslation": "获得龙蛋",
    "difficulty": "expert",
    "category": "advancement_end",
    "imageURLs": [
      {
        "filename": "Dragon_Egg.png",
        "url": "https://minecraft.wiki/w/File:Dragon_Egg.png",
        "type": "Advancement Icon"
      }
    ]
  },
  {
    "word": "Remote Getaway",
    "standardized": "Remote Getaway",
    "chinese": "远程折跃",
    "phonetic": "/rɪˈmoʊt ˈɡɛtəˌweɪ/",
    "phrase": "enter end gateway",
    "phraseTranslation": "进入末地折跃门",
    "difficulty": "expert",
    "category": "advancement_end",
    "imageURLs": [
      {
        "filename": "End_Gateway.png",
        "url": "https://minecraft.wiki/w/File:End_Gateway.png",
        "type": "Advancement Icon"
      }
    ]
  },
  {
    "word": "The End... Again...",
    "standardized": "The End... Again...",
    "chinese": "结束了…再一次…",
    "phonetic": "/ði ɛnd əˈɡɛn/",
    "phrase": "respawn ender dragon",
    "phraseTranslation": "重新召唤末影龙",
    "difficulty": "expert",
    "category": "advancement_end",
    "imageURLs": [
      {
        "filename": "End_Crystal.png",
        "url": "https://minecraft.wiki/w/File:End_Crystal.png",
        "type": "Advancement Icon"
      }
    ]
  },
  {
    "word": "You Need a Mint",
    "standardized": "You Need a Mint",
    "chinese": "你需要来点薄荷糖",
    "phonetic": "/ju nid ə mɪnt/",
    "phrase": "collect dragon breath",
    "phraseTranslation": "收集龙息",
    "difficulty": "expert",
    "category": "advancement_end",
    "imageURLs": [
      {
        "filename": "Dragon_Breath.png",
        "url": "https://minecraft.wiki/w/File:Dragon_Breath.png",
        "type": "Advancement Icon"
      }
    ]
  },
  {
    "word": "The City at the End of the Game",
    "standardized": "The City at the End of the Game",
    "chinese": "在游戏尽头的城市",
    "phonetic": "/ði ˈsɪti æt ði ɛnd ʌv ði ɡeɪm/",
    "phrase": "find end city",
    "phraseTranslation": "找到末地城",
    "difficulty": "expert",
    "category": "advancement_end",
    "imageURLs": [
      {
        "filename": "Purpur_Block.png",
        "url": "https://minecraft.wiki/w/File:Purpur_Block.png",
        "type": "Advancement Icon"
      }
    ]
  },
  {
    "word": "Sky's the Limit",
    "standardized": "Sky's the Limit",
    "chinese": "天空即为极限",
    "phonetic": "/skaɪz ði ˈlɪmɪt/",
    "phrase": "find elytra",
    "phraseTranslation": "找到鞘翅",
    "difficulty": "expert",
    "category": "advancement_end",
    "imageURLs": [
      {
        "filename": "Elytra.png",
        "url": "https://minecraft.wiki/w/File:Elytra.png",
        "type": "Advancement Icon"
      }
    ]
  },
  {
    "word": "Great View From Up Here",
    "standardized": "Great View From Up Here",
    "chinese": "这上面的风景不错",
    "phonetic": "/ɡreɪt vju frʌm ʌp hɪr/",
    "phrase": "levitate 50 blocks",
    "phraseTranslation": "漂浮50格",
    "difficulty": "expert",
    "category": "advancement_end",
    "imageURLs": [
      {
        "filename": "Shulker_Shell.png",
        "url": "https://minecraft.wiki/w/File:Shulker_Shell.png",
        "type": "Advancement Icon"
      }
    ]
  },
  {
    "word": "Adventure",
    "standardized": "Adventure",
    "chinese": "冒险",
    "phonetic": "/ædˈvɛntʃər/",
    "phrase": "adventure tab",
    "phraseTranslation": "冒险标签",
    "difficulty": "basic",
    "category": "advancement_tab",
    "imageURLs": [
      {
        "filename": "Adventure_Tab.png",
        "url": "https://minecraft.wiki/w/File:Adventure_Tab.png",
        "type": "Tab Icon"
      }
    ]
  },
  {
    "word": "Voluntary Exile",
    "standardized": "Voluntary Exile",
    "chinese": "自我放逐",
    "phonetic": "/ˈvɑlənˌtɛri ˈɛɡˌzaɪl/",
    "phrase": "kill raid captain",
    "phraseTranslation": "杀死袭击队长",
    "difficulty": "intermediate",
    "category": "advancement_adventure",
    "imageURLs": [
      {
        "filename": "Ominous_Banner.png",
        "url": "https://minecraft.wiki/w/File:Ominous_Banner.png",
        "type": "Advancement Icon"
      }
    ]
  },
  {
    "word": "Is It a Bird?",
    "standardized": "Is It a Bird?",
    "chinese": "那是鸟吗？",
    "phonetic": "/ɪz ɪt ə bɜrd/",
    "phrase": "look at parrot with spyglass",
    "phraseTranslation": "用望远镜看鹦鹉",
    "difficulty": "intermediate",
    "category": "advancement_adventure",
    "imageURLs": [
      {
        "filename": "Spyglass.png",
        "url": "https://minecraft.wiki/w/File:Spyglass.png",
        "type": "Advancement Icon"
      }
    ]
  },
  {
    "word": "Monster Hunter",
    "standardized": "Monster Hunter",
    "chinese": "怪物猎人",
    "phonetic": "/ˈmɑnstər ˈhʌntər/",
    "phrase": "kill any hostile mob",
    "phraseTranslation": "杀死任意敌对生物",
    "difficulty": "basic",
    "category": "advancement_adventure",
    "imageURLs": [
      {
        "filename": "Iron_Sword.png",
        "url": "https://minecraft.wiki/w/File:Iron_Sword.png",
        "type": "Advancement Icon"
      }
    ]
  },
  {
    "word": "The Power of Books",
    "standardized": "The Power of Books",
    "chinese": "书的力量",
    "phonetic": "/ði ˈpaʊər ʌv bʊks/",
    "phrase": "read power from chiseled bookshelf",
    "phraseTranslation": "从雕纹书架读取能量",
    "difficulty": "intermediate",
    "category": "advancement_adventure",
    "imageURLs": [
      {
        "filename": "Chiseled_Bookshelf.png",
        "url": "https://minecraft.wiki/w/File:Chiseled_Bookshelf.png",
        "type": "Advancement Icon"
      }
    ]
  },
  {
    "word": "What a Deal!",
    "standardized": "What a Deal!",
    "chinese": "成交！",
    "phonetic": "/wʌt ə dil/",
    "phrase": "trade with villager",
    "phraseTranslation": "与村民交易",
    "difficulty": "basic",
    "category": "advancement_adventure",
    "imageURLs": [
      {
        "filename": "Emerald.png",
        "url": "https://minecraft.wiki/w/File:Emerald.png",
        "type": "Advancement Icon"
      }
    ]
  },
  {
    "word": "Crafting a New Look",
    "standardized": "Crafting a New Look",
    "chinese": "旧貌锻新颜",
    "phonetic": "/ˈkræftɪŋ ə nu lʊk/",
    "phrase": "apply armor trim",
    "phraseTranslation": "应用盔甲纹饰",
    "difficulty": "intermediate",
    "category": "advancement_adventure",
    "imageURLs": [
      {
        "filename": "Netherite_Upgrade.png",
        "url": "https://minecraft.wiki/w/File:Netherite_Upgrade.png",
        "type": "Advancement Icon"
      }
    ]
  },
  {
    "word": "Sticky Situation",
    "standardized": "Sticky Situation",
    "chinese": "进退维谷",
    "phonetic": "/ˈstɪki ˌsɪtʃuˈeɪʃən/",
    "phrase": "jump into honey block",
    "phraseTranslation": "跳入蜂蜜块",
    "difficulty": "basic",
    "category": "advancement_adventure",
    "imageURLs": [
      {
        "filename": "Honey_Block.png",
        "url": "https://minecraft.wiki/w/File:Honey_Block.png",
        "type": "Advancement Icon"
      }
    ]
  },
  {
    "word": "Ol' Betsy",
    "standardized": "Ol' Betsy",
    "chinese": "扣下悬刀",
    "phonetic": "/oʊl ˈbɛtsi/",
    "phrase": "shoot crossbow",
    "phraseTranslation": "射击弩",
    "difficulty": "basic",
    "category": "advancement_adventure",
    "imageURLs": [
      {
        "filename": "Crossbow.png",
        "url": "https://minecraft.wiki/w/File:Crossbow.png",
        "type": "Advancement Icon"
      }
    ]
  },
  {
    "word": "Surge Protector",
    "standardized": "Surge Protector",
    "chinese": "避雷针",
    "phonetic": "/sɜrdʒ prəˈtɛktər/",
    "phrase": "protect villager from lightning",
    "phraseTranslation": "保护村民免受雷击",
    "difficulty": "intermediate",
    "category": "advancement_adventure",
    "imageURLs": [
      {
        "filename": "Lightning_Rod.png",
        "url": "https://minecraft.wiki/w/File:Lightning_Rod.png",
        "type": "Advancement Icon"
      }
    ]
  },
  {
    "word": "Caves & Cliffs",
    "standardized": "Caves & Cliffs",
    "chinese": "洞穴与山崖",
    "phonetic": "/keɪvz ænd klɪfs/",
    "phrase": "fall from world height",
    "phraseTranslation": "从世界高度坠落",
    "difficulty": "intermediate",
    "category": "advancement_adventure",
    "imageURLs": [
      {
        "filename": "Hay_Bale.png",
        "url": "https://minecraft.wiki/w/File:Hay_Bale.png",
        "type": "Advancement Icon"
      }
    ]
  },
  {
    "word": "Respecting the Remnants",
    "standardized": "Respecting the Remnants",
    "chinese": "探古寻源",
    "phonetic": "/rɪˈspɛktɪŋ ði ˈrɛmnənts/",
    "phrase": "brush pottery sherd",
    "phraseTranslation": "刷出陶片",
    "difficulty": "intermediate",
    "category": "advancement_adventure",
    "imageURLs": [
      {
        "filename": "Brush.png",
        "url": "https://minecraft.wiki/w/File:Brush.png",
        "type": "Advancement Icon"
      }
    ]
  },
  {
    "word": "Sneak 100",
    "standardized": "Sneak 100",
    "chinese": "潜行100级",
    "phonetic": "/snik wʌn ˈhʌndrəd/",
    "phrase": "avoid vibration while sneaking",
    "phraseTranslation": "潜行时避免振动",
    "difficulty": "advanced",
    "category": "advancement_adventure",
    "imageURLs": [
      {
        "filename": "Sculk_Sensor.png",
        "url": "https://minecraft.wiki/w/File:Sculk_Sensor.png",
        "type": "Advancement Icon"
      }
    ]
  },
  {
    "word": "Sweet Dreams",
    "standardized": "Sweet Dreams",
    "chinese": "甜蜜的梦",
    "phonetic": "/swit drimz/",
    "phrase": "sleep in bed",
    "phraseTranslation": "在床上睡觉",
    "difficulty": "basic",
    "category": "advancement_adventure",
    "imageURLs": [
      {
        "filename": "Red_Bed.png",
        "url": "https://minecraft.wiki/w/File:Red_Bed.png",
        "type": "Advancement Icon"
      }
    ]
  },
  {
    "word": "Hero of the Village",
    "standardized": "Hero of the Village",
    "chinese": "村庄英雄",
    "phonetic": "/ˈhɪroʊ ʌv ði ˈvɪlɪdʒ/",
    "phrase": "successfully defend village",
    "phraseTranslation": "成功保卫村庄",
    "difficulty": "expert",
    "category": "advancement_adventure",
    "imageURLs": [
      {
        "filename": "Hero_of_the_Village.png",
        "url": "https://minecraft.wiki/w/File:Hero_of_the_Village.png",
        "type": "Advancement Icon"
      }
    ]
  },
  {
    "word": "Is It a Balloon?",
    "standardized": "Is It a Balloon?",
    "chinese": "那是气球吗？",
    "phonetic": "/ɪz ɪt ə bəˈlun/",
    "phrase": "look at ghast with spyglass",
    "phraseTranslation": "用望远镜看恶魂",
    "difficulty": "intermediate",
    "category": "advancement_adventure",
    "imageURLs": [
      {
        "filename": "Spyglass.png",
        "url": "https://minecraft.wiki/w/File:Spyglass.png",
        "type": "Advancement Icon"
      }
    ]
  },
  {
    "word": "A Throwaway Joke",
    "standardized": "A Throwaway Joke",
    "chinese": "抖包袱",
    "phonetic": "/ə ˈθroʊəˌweɪ dʒoʊk/",
    "phrase": "throw trident",
    "phraseTranslation": "投掷三叉戟",
    "difficulty": "intermediate",
    "category": "advancement_adventure",
    "imageURLs": [
      {
        "filename": "Trident.png",
        "url": "https://minecraft.wiki/w/File:Trident.png",
        "type": "Advancement Icon"
      }
    ]
  },
  {
    "word": "It Spreads",
    "standardized": "It Spreads",
    "chinese": "侵蚀扩散",
    "phonetic": "/ɪt sprɛdz/",
    "phrase": "kill mob near sculk catalyst",
    "phraseTranslation": "在幽匿催发体附近杀死生物",
    "difficulty": "advanced",
    "category": "advancement_adventure",
    "imageURLs": [
      {
        "filename": "Sculk_Catalyst.png",
        "url": "https://minecraft.wiki/w/File:Sculk_Catalyst.png",
        "type": "Advancement Icon"
      }
    ]
  },
  {
    "word": "Take Aim",
    "standardized": "Take Aim",
    "chinese": "瞄准目标",
    "phonetic": "/teɪk eɪm/",
    "phrase": "shoot arrow at target",
    "phraseTranslation": "向目标射箭",
    "difficulty": "basic",
    "category": "advancement_adventure",
    "imageURLs": [
      {
        "filename": "Arrow.png",
        "url": "https://minecraft.wiki/w/File:Arrow.png",
        "type": "Advancement Icon"
      }
    ]
  },
  {
    "word": "Monsters Hunted",
    "standardized": "Monsters Hunted",
    "chinese": "资深怪物猎人",
    "phonetic": "/ˈmɑnstərz ˈhʌntəd/",
    "phrase": "kill all hostile mobs",
    "phraseTranslation": "杀死所有敌对生物",
    "difficulty": "master",
    "category": "advancement_adventure",
    "imageURLs": [
      {
        "filename": "Diamond_Sword.png",
        "url": "https://minecraft.wiki/w/File:Diamond_Sword.png",
        "type": "Advancement Icon"
      }
    ]
  },
  {
    "word": "Postmortal",
    "standardized": "Postmortal",
    "chinese": "超越生死",
    "phonetic": "/ˌpoʊstˈmɔrtəl/",
    "phrase": "use totem of undying",
    "phraseTranslation": "使用不死图腾",
    "difficulty": "advanced",
    "category": "advancement_adventure",
    "imageURLs": [
      {
        "filename": "Totem_of_Undying.png",
        "url": "https://minecraft.wiki/w/File:Totem_of_Undying.png",
        "type": "Advancement Icon"
      }
    ]
  },
  {
    "word": "Hired Help",
    "standardized": "Hired Help",
    "chinese": "招募援兵",
    "phonetic": "/ˈhaɪərd hɛlp/",
    "phrase": "summon iron golem",
    "phraseTranslation": "召唤铁傀儡",
    "difficulty": "intermediate",
    "category": "advancement_adventure",
    "imageURLs": [
      {
        "filename": "Iron_Block.png",
        "url": "https://minecraft.wiki/w/File:Iron_Block.png",
        "type": "Advancement Icon"
      }
    ]
  },
  {
    "word": "Star Trader",
    "standardized": "Star Trader",
    "chinese": "星际商人",
    "phonetic": "/stɑr ˈtreɪdər/",
    "phrase": "trade at world height",
    "phraseTranslation": "在世界高度交易",
    "difficulty": "advanced",
    "category": "advancement_adventure",
    "imageURLs": [
      {
        "filename": "Emerald.png",
        "url": "https://minecraft.wiki/w/File:Emerald.png",
        "type": "Advancement Icon"
      }
    ]
  },
  {
    "word": "Smithing with Style",
    "standardized": "Smithing with Style",
    "chinese": "花式锻造",
    "phonetic": "/ˈsmɪθɪŋ wɪθ staɪl/",
    "phrase": "apply all armor patterns",
    "phraseTranslation": "应用所有盔甲图案",
    "difficulty": "master",
    "category": "advancement_adventure",
    "imageURLs": [
      {
        "filename": "Vex_Armor_Trim.png",
        "url": "https://minecraft.wiki/w/File:Vex_Armor_Trim.png",
        "type": "Advancement Icon"
      }
    ]
  },
  {
    "word": "Two Birds, One Arrow",
    "standardized": "Two Birds, One Arrow",
    "chinese": "一石二鸟",
    "phonetic": "/tu bɜrdz wʌn ˈæroʊ/",
    "phrase": "kill two phantoms with crossbow",
    "phraseTranslation": "用弩一箭杀死两只幻翼",
    "difficulty": "expert",
    "category": "advancement_adventure",
    "imageURLs": [
      {
        "filename": "Crossbow.png",
        "url": "https://minecraft.wiki/w/File:Crossbow.png",
        "type": "Advancement Icon"
      }
    ]
  },
  {
    "word": "Who's the Pillager Now?",
    "standardized": "Who's the Pillager Now?",
    "chinese": "谁才是掠夺者？",
    "phonetic": "/huz ði ˈpɪlɪdʒər naʊ/",
    "phrase": "kill pillager with crossbow",
    "phraseTranslation": "用弩杀死掠夺者",
    "difficulty": "intermediate",
    "category": "advancement_adventure",
    "imageURLs": [
      {
        "filename": "Crossbow.png",
        "url": "https://minecraft.wiki/w/File:Crossbow.png",
        "type": "Advancement Icon"
      }
    ]
  },
  {
    "word": "Arbalistic",
    "standardized": "Arbalistic",
    "chinese": "神臂弩手",
    "phonetic": "/ˌɑrbəˈlɪstɪk/",
    "phrase": "kill five mobs with crossbow",
    "phraseTranslation": "用弩杀死五种生物",
    "difficulty": "master",
    "category": "advancement_adventure",
    "imageURLs": [
      {
        "filename": "Crossbow.png",
        "url": "https://minecraft.wiki/w/File:Crossbow.png",
        "type": "Advancement Icon"
      }
    ]
  },
  {
    "word": "Careful Restoration",
    "standardized": "Careful Restoration",
    "chinese": "小心修复",
    "phonetic": "/ˈkɛrfəl ˌrɛstəˈreɪʃən/",
    "phrase": "craft decorated pot with sherds",
    "phraseTranslation": "用陶片制作饰纹陶罐",
    "difficulty": "intermediate",
    "category": "advancement_adventure",
    "imageURLs": [
      {
        "filename": "Decorated_Pot.png",
        "url": "https://minecraft.wiki/w/File:Decorated_Pot.png",
        "type": "Advancement Icon"
      }
    ]
  },
  {
    "word": "Adventuring Time",
    "standardized": "Adventuring Time",
    "chinese": "探索的时光",
    "phonetic": "/ædˈvɛntʃərɪŋ taɪm/",
    "phrase": "discover all biomes",
    "phraseTranslation": "发现所有生物群系",
    "difficulty": "master",
    "category": "advancement_adventure",
    "imageURLs": [
      {
        "filename": "Map.png",
        "url": "https://minecraft.wiki/w/File:Map.png",
        "type": "Advancement Icon"
      }
    ]
  },
  {
    "word": "Sound of Music",
    "standardized": "Sound of Music",
    "chinese": "音乐之声",
    "phonetic": "/saʊnd ʌv ˈmjuzɪk/",
    "phrase": "play music disc in meadow",
    "phraseTranslation": "在草甸播放音乐唱片",
    "difficulty": "intermediate",
    "category": "advancement_adventure",
    "imageURLs": [
      {
        "filename": "Music_Disc_13.png",
        "url": "https://minecraft.wiki/w/File:Music_Disc_13.png",
        "type": "Advancement Icon"
      }
    ]
  },
  {
    "word": "Light as a Rabbit",
    "standardized": "Light as a Rabbit",
    "chinese": "轻功雪上飘",
    "phonetic": "/laɪt æz ə ˈræbɪt/",
    "phrase": "walk on powder snow with leather boots",
    "phraseTranslation": "穿皮靴在细雪上行走",
    "difficulty": "intermediate",
    "category": "advancement_adventure",
    "imageURLs": [
      {
        "filename": "Leather_Boots.png",
        "url": "https://minecraft.wiki/w/File:Leather_Boots.png",
        "type": "Advancement Icon"
      }
    ]
  },
  {
    "word": "Is It a Plane?",
    "standardized": "Is It a Plane?",
    "chinese": "那是飞机吗？",
    "phonetic": "/ɪz ɪt ə pleɪn/",
    "phrase": "look at dragon with spyglass",
    "phraseTranslation": "用望远镜看末影龙",
    "difficulty": "expert",
    "category": "advancement_adventure",
    "imageURLs": [
      {
        "filename": "Spyglass.png",
        "url": "https://minecraft.wiki/w/File:Spyglass.png",
        "type": "Advancement Icon"
      }
    ]
  },
  {
    "word": "Very Very Frightening",
    "standardized": "Very Very Frightening",
    "chinese": "魔女审判",
    "phonetic": "/ˈvɛri ˈvɛri ˈfraɪtənɪŋ/",
    "phrase": "strike villager with lightning",
    "phraseTranslation": "用雷电击中村民",
    "difficulty": "advanced",
    "category": "advancement_adventure",
    "imageURLs": [
      {
        "filename": "Trident.png",
        "url": "https://minecraft.wiki/w/File:Trident.png",
        "type": "Advancement Icon"
      }
    ]
  },
  {
    "word": "Sniper Duel",
    "standardized": "Sniper Duel",
    "chinese": "狙击手的对决",
    "phonetic": "/ˈsnaɪpər ˈduəl/",
    "phrase": "kill skeleton from 50 blocks",
    "phraseTranslation": "从50格外杀死骷髅",
    "difficulty": "expert",
    "category": "advancement_adventure",
    "imageURLs": [
      {
        "filename": "Bow.png",
        "url": "https://minecraft.wiki/w/File:Bow.png",
        "type": "Advancement Icon"
      }
    ]
  },
  {
    "word": "Bullseye",
    "standardized": "Bullseye",
    "chinese": "正中靶心",
    "phonetic": "/ˈbʊlzˌaɪ/",
    "phrase": "hit target block center",
    "phraseTranslation": "射中标靶中心",
    "difficulty": "advanced",
    "category": "advancement_adventure",
    "imageURLs": [
      {
        "filename": "Target.png",
        "url": "https://minecraft.wiki/w/File:Target.png",
        "type": "Advancement Icon"
      }
    ]
  },
  {
    "word": "Husbandry",
    "standardized": "Husbandry",
    "chinese": "农牧业",
    "phonetic": "/ˈhʌzbəndri/",
    "phrase": "husbandry tab",
    "phraseTranslation": "农牧业标签",
    "difficulty": "basic",
    "category": "advancement_tab",
    "imageURLs": [
      {
        "filename": "Husbandry_Tab.png",
        "url": "https://minecraft.wiki/w/File:Husbandry_Tab.png",
        "type": "Tab Icon"
      }
    ]
  },
  {
    "word": "Bee Our Guest",
    "standardized": "Bee Our Guest",
    "chinese": "与蜂共舞",
    "phonetic": "/bi aʊr ɡɛst/",
    "phrase": "use bottle on bee nest with campfire",
    "phraseTranslation": "在营火旁用瓶子从蜂巢收集蜂蜜",
    "difficulty": "intermediate",
    "category": "advancement_husbandry",
    "imageURLs": [
      {
        "filename": "Honey_Bottle.png",
        "url": "https://minecraft.wiki/w/File:Honey_Bottle.png",
        "type": "Advancement Icon"
      }
    ]
  },
  {
    "word": "The Parrots and the Bats",
    "standardized": "The Parrots and the Bats",
    "chinese": "我从哪儿来？",
    "phonetic": "/ði ˈpærəts ænd ði bæts/",
    "phrase": "breed two animals",
    "phraseTranslation": "繁殖两只动物",
    "difficulty": "basic",
    "category": "advancement_husbandry",
    "imageURLs": [
      {
        "filename": "Wheat.png",
        "url": "https://minecraft.wiki/w/File:Wheat.png",
        "type": "Advancement Icon"
      }
    ]
  },
  {
    "word": "You've Got a Friend in Me",
    "standardized": "You've Got a Friend in Me",
    "chinese": "找到一个好朋友",
    "phonetic": "/juvz ɡɑt ə frɛnd ɪn mi/",
    "phrase": "allay deliver item to player",
    "phraseTranslation": "悦灵向玩家递送物品",
    "difficulty": "intermediate",
    "category": "advancement_husbandry",
    "imageURLs": [
      {
        "filename": "Allay.png",
        "url": "https://minecraft.wiki/w/File:Allay.png",
        "type": "Advancement Icon"
      }
    ]
  },
  {
    "word": "Whatever Floats Your Goat!",
    "standardized": "Whatever Floats Your Goat!",
    "chinese": "羊帆起航！",
    "phonetic": "/wʌtˈɛvər floʊts jʊr ɡoʊt/",
    "phrase": "ride boat with goat",
    "phraseTranslation": "和山羊一起乘船",
    "difficulty": "intermediate",
    "category": "advancement_husbandry",
    "imageURLs": [
      {
        "filename": "Oak_Boat.png",
        "url": "https://minecraft.wiki/w/File:Oak_Boat.png",
        "type": "Advancement Icon"
      }
    ]
  },
  {
    "word": "Best Friends Forever",
    "standardized": "Best Friends Forever",
    "chinese": "永恒的伙伴",
    "phonetic": "/bɛst frɛndz fərˈɛvər/",
    "phrase": "tame an animal",
    "phraseTranslation": "驯服动物",
    "difficulty": "basic",
    "category": "advancement_husbandry",
    "imageURLs": [
      {
        "filename": "Bone.png",
        "url": "https://minecraft.wiki/w/File:Bone.png",
        "type": "Advancement Icon"
      }
    ]
  },
  {
    "word": "Glow and Behold!",
    "standardized": "Glow and Behold!",
    "chinese": "眼前一亮！",
    "phonetic": "/ɡloʊ ænd bɪˈhoʊld/",
    "phrase": "make sign glow with glow ink sac",
    "phraseTranslation": "用荧光墨囊让告示牌发光",
    "difficulty": "basic",
    "category": "advancement_husbandry",
    "imageURLs": [
      {
        "filename": "Glow_Ink_Sac.png",
        "url": "https://minecraft.wiki/w/File:Glow_Ink_Sac.png",
        "type": "Advancement Icon"
      }
    ]
  },
  {
    "word": "Fishy Business",
    "standardized": "Fishy Business",
    "chinese": "腥味十足的生意",
    "phonetic": "/ˈfɪʃi ˈbɪznəs/",
    "phrase": "catch fish with fishing rod",
    "phraseTranslation": "用钓鱼竿钓鱼",
    "difficulty": "basic",
    "category": "advancement_husbandry",
    "imageURLs": [
      {
        "filename": "Fishing_Rod.png",
        "url": "https://minecraft.wiki/w/File:Fishing_Rod.png",
        "type": "Advancement Icon"
      }
    ]
  },
  {
    "word": "Total Beelocation",
    "standardized": "Total Beelocation",
    "chinese": "蜂巢搬家",
    "phonetic": "/ˈtoʊtəl ˌbiloʊˈkeɪʃən/",
    "phrase": "move bee nest with silk touch",
    "phraseTranslation": "用精准采集移动蜂巢",
    "difficulty": "intermediate",
    "category": "advancement_husbandry",
    "imageURLs": [
      {
        "filename": "Bee_Nest.png",
        "url": "https://minecraft.wiki/w/File:Bee_Nest.png",
        "type": "Advancement Icon"
      }
    ]
  },
  {
    "word": "Bukkit Bukkit",
    "standardized": "Bukkit Bukkit",
    "chinese": "蚪到桶里来",
    "phonetic": "/ˈbʌkɪt ˈbʌkɪt/",
    "phrase": "catch tadpole in bucket",
    "phraseTranslation": "用桶捉蝌蚪",
    "difficulty": "basic",
    "category": "advancement_husbandry",
    "imageURLs": [
      {
        "filename": "Bucket_of_Tadpole.png",
        "url": "https://minecraft.wiki/w/File:Bucket_of_Tadpole.png",
        "type": "Advancement Icon"
      }
    ]
  },
  {
    "word": "Smells Interesting",
    "standardized": "Smells Interesting",
    "chinese": "怪味蛋",
    "phonetic": "/smɛlz ˈɪntrəstɪŋ/",
    "phrase": "obtain sniffer egg",
    "phraseTranslation": "获得嗅探兽蛋",
    "difficulty": "advanced",
    "category": "advancement_husbandry",
    "imageURLs": [
      {
        "filename": "Sniffer_Egg.png",
        "url": "https://minecraft.wiki/w/File:Sniffer_Egg.png",
        "type": "Advancement Icon"
      }
    ]
  },
  {
    "word": "A Seedy Place",
    "standardized": "A Seedy Place",
    "chinese": "开荒垦地",
    "phonetic": "/ə ˈsidi pleɪs/",
    "phrase": "plant any seed",
    "phraseTranslation": "种植任意种子",
    "difficulty": "basic",
    "category": "advancement_husbandry",
    "imageURLs": [
      {
        "filename": "Wheat_Seeds.png",
        "url": "https://minecraft.wiki/w/File:Wheat_Seeds.png",
        "type": "Advancement Icon"
      }
    ]
  },
  {
    "word": "Wax On",
    "standardized": "Wax On",
    "chinese": "涂蜡",
    "phonetic": "/wæks ɑn/",
    "phrase": "apply honeycomb to copper",
    "phraseTranslation": "对铜块使用蜜脾",
    "difficulty": "basic",
    "category": "advancement_husbandry",
    "imageURLs": [
      {
        "filename": "Honeycomb.png",
        "url": "https://minecraft.wiki/w/File:Honeycomb.png",
        "type": "Advancement Icon"
      }
    ]
  },
  {
    "word": "Two by Two",
    "standardized": "Two by Two",
    "chinese": "成双成对",
    "phonetic": "/tu baɪ tu/",
    "phrase": "breed all animals",
    "phraseTranslation": "繁殖所有动物",
    "difficulty": "master",
    "category": "advancement_husbandry",
    "imageURLs": [
      {
        "filename": "Wheat.png",
        "url": "https://minecraft.wiki/w/File:Wheat.png",
        "type": "Advancement Icon"
      }
    ]
  },
  {
    "word": "Birthday Song",
    "standardized": "Birthday Song",
    "chinese": "生日歌",
    "phonetic": "/ˈbɜrθˌdeɪ sɔŋ/",
    "phrase": "allay deliver cake to note block",
    "phraseTranslation": "悦灵将蛋糕送到音符盒",
    "difficulty": "advanced",
    "category": "advancement_husbandry",
    "imageURLs": [
      {
        "filename": "Cake.png",
        "url": "https://minecraft.wiki/w/File:Cake.png",
        "type": "Advancement Icon"
      }
    ]
  },
  {
    "word": "A Complete Catalogue",
    "standardized": "A Complete Catalogue",
    "chinese": "百猫全书",
    "phonetic": "/ə kəmˈplit ˈkætəˌlɔɡ/",
    "phrase": "tame all cat variants",
    "phraseTranslation": "驯服所有猫的变种",
    "difficulty": "expert",
    "category": "advancement_husbandry",
    "imageURLs": [
      {
        "filename": "Cat.png",
        "url": "https://minecraft.wiki/w/File:Cat.png",
        "type": "Advancement Icon"
      }
    ]
  },
  {
    "word": "Tactical Fishing",
    "standardized": "Tactical Fishing",
    "chinese": "战术性钓鱼",
    "phonetic": "/ˈtæktɪkəl ˈfɪʃɪŋ/",
    "phrase": "catch fish without fishing rod",
    "phraseTranslation": "不用钓鱼竿捉鱼",
    "difficulty": "intermediate",
    "category": "advancement_husbandry",
    "imageURLs": [
      {
        "filename": "Water_Bucket.png",
        "url": "https://minecraft.wiki/w/File:Water_Bucket.png",
        "type": "Advancement Icon"
      }
    ]
  },
  {
    "word": "When the Squad Hops into Town",
    "standardized": "When the Squad Hops into Town",
    "chinese": "呱呱队出动",
    "phonetic": "/wɛn ði skwɑd hɑps ˈɪntu taʊn/",
    "phrase": "get all frog variants on leads",
    "phraseTranslation": "用拴绳拴住所有青蛙变种",
    "difficulty": "advanced",
    "category": "advancement_husbandry",
    "imageURLs": [
      {
        "filename": "Lead.png",
        "url": "https://minecraft.wiki/w/File:Lead.png",
        "type": "Advancement Icon"
      }
    ]
  },
  {
    "word": "Little Sniffs",
    "standardized": "Little Sniffs",
    "chinese": "小小嗅探兽",
    "phonetic": "/ˈlɪtəl snɪfs/",
    "phrase": "feed snifflet",
    "phraseTranslation": "喂养嗅探兽幼体",
    "difficulty": "intermediate",
    "category": "advancement_husbandry",
    "imageURLs": [
      {
        "filename": "Torchflower_Seeds.png",
        "url": "https://minecraft.wiki/w/File:Torchflower_Seeds.png",
        "type": "Advancement Icon"
      }
    ]
  },
  {
    "word": "A Balanced Diet",
    "standardized": "A Balanced Diet",
    "chinese": "均衡饮食",
    "phonetic": "/ə ˈbælənst ˈdaɪət/",
    "phrase": "eat every food item",
    "phraseTranslation": "吃遍所有食物",
    "difficulty": "master",
    "category": "advancement_husbandry",
    "imageURLs": [
      {
        "filename": "Apple.png",
        "url": "https://minecraft.wiki/w/File:Apple.png",
        "type": "Advancement Icon"
      }
    ]
  },
  {
    "word": "Serious Dedication",
    "standardized": "Serious Dedication",
    "chinese": "认真的奉献",
    "phonetic": "/ˈsɪriəs ˌdɛdəˈkeɪʃən/",
    "phrase": "use netherite hoe until it breaks",
    "phraseTranslation": "使用下界合金锄直到损坏",
    "difficulty": "master",
    "category": "advancement_husbandry",
    "imageURLs": [
      {
        "filename": "Netherite_Hoe.png",
        "url": "https://minecraft.wiki/w/File:Netherite_Hoe.png",
        "type": "Advancement Icon"
      }
    ]
  },
  {
    "word": "Wax Off",
    "standardized": "Wax Off",
    "chinese": "脱蜡",
    "phonetic": "/wæks ɔf/",
    "phrase": "scrape wax off copper with axe",
    "phraseTranslation": "用斧子刮掉铜块上的蜡",
    "difficulty": "basic",
    "category": "advancement_husbandry",
    "imageURLs": [
      {
        "filename": "Iron_Axe.png",
        "url": "https://minecraft.wiki/w/File:Iron_Axe.png",
        "type": "Advancement Icon"
      }
    ]
  },
  {
    "word": "The Cutest Predator",
    "standardized": "The Cutest Predator",
    "chinese": "最萌捕食者",
    "phonetic": "/ði ˈkjutəst ˈprɛdətər/",
    "phrase": "catch axolotl in bucket",
    "phraseTranslation": "用桶捉美西螈",
    "difficulty": "basic",
    "category": "advancement_husbandry",
    "imageURLs": [
      {
        "filename": "Bucket_of_Axolotl.png",
        "url": "https://minecraft.wiki/w/File:Bucket_of_Axolotl.png",
        "type": "Advancement Icon"
      }
    ]
  },
  {
    "word": "With Our Powers Combined!",
    "standardized": "With Our Powers Combined!",
    "chinese": "力量的结合！",
    "phonetic": "/wɪθ aʊr ˈpaʊərz kəmˈbaɪnd/",
    "phrase": "have frog make all froglights",
    "phraseTranslation": "让青蛙制作所有蛙明灯",
    "difficulty": "advanced",
    "category": "advancement_husbandry",
    "imageURLs": [
      {
        "filename": "Ochre_Froglight.png",
        "url": "https://minecraft.wiki/w/File:Ochre_Froglight.png",
        "type": "Advancement Icon"
      }
    ]
  },
  {
    "word": "Planting the Past",
    "standardized": "Planting the Past",
    "chinese": "种植历史",
    "phonetic": "/ˈplæntɪŋ ði pæst/",
    "phrase": "plant sniffer seed",
    "phraseTranslation": "种植嗅探兽种子",
    "difficulty": "intermediate",
    "category": "advancement_husbandry",
    "imageURLs": [
      {
        "filename": "Torchflower_Seeds.png",
        "url": "https://minecraft.wiki/w/File:Torchflower_Seeds.png",
        "type": "Advancement Icon"
      }
    ]
  },
  {
    "word": "The Healing Power of Friendship!",
    "standardized": "The Healing Power of Friendship!",
    "chinese": "友谊的治愈力量！",
    "phonetic": "/ði ˈhilɪŋ ˈpaʊər ʌv ˈfrɛndʃɪp/",
    "phrase": "team up with axolotl",
    "phraseTranslation": "与美西螈合作",
    "difficulty": "advanced",
    "category": "advancement_husbandry",
    "imageURLs": [
      {
        "filename": "Tropical_Fish.png",
        "url": "https://minecraft.wiki/w/File:Tropical_Fish.png",
        "type": "Advancement Icon"
      }
    ]
  }
]
    